time,date,latitude,longitude,depth,mag,magType,nst,gap,dmin,rms,net,id,updated,place,country,horizontalError,depthError,magError,magNst,status,locationSource,magSource
2019-12-30T17:18:57.445Z,2019-12-30,35.5909,74.628,13.82,5.6,mww,,41,2.236,0.74,us,us70006sj8,2020-07-10T17:56:34.805Z,34km NW of Idgah, Pakistan,6.6,3.7,0.061,26,reviewed,us,us
2019-12-28T15:36:35.773Z,2019-12-28,-44.6079,37.0941,10,5.7,mww,,45,18.544,0.91,us,us70006rx5,2020-09-27T07:55:18.013Z,261km NNW of Marion Island, Prince Edward Islands,11.7,1.8,0.046,46,reviewed,us,us
2019-12-25T20:20:12.751Z,2019-12-25,-25.2226,-115.8438,10,6.1,mww,,38,6.072,1.15,us,us70006r1g,2020-03-14T22:24:43.040Z,Southern East Pacific Rise,,10.8,1.8,0.059,28,reviewed,us,us
2019-12-25T03:36:01.626Z,2019-12-25,50.6106,-129.963,6.58,6.3,mww,,77,1.853,0.67,us,us70006qt7,2020-03-14T22:25:03.040Z,180km W of Port Hardy, Canada,7.2,1.3,0.032,95,reviewed,us,us
2019-12-24T19:19:03.273Z,2019-12-24,3.4502,-74.1034,10,5.7,mww,,51,1.402,0.7,us,us70006qp1,2020-07-10T17:56:24.797Z,9km NW of Mesetas, Colombia,7.1,1.7,0.046,46,reviewed,us,us
2019-12-24T19:03:52.492Z,2019-12-24,3.5359,-74.0176,11,6,mww,,36,1.335,0.68,us,us70006qnn,2020-07-10T17:56:11.761Z,1km NNE of Lejanias, Colombia,6.5,1.7,0.041,58,reviewed,us,us
2019-12-24T16:43:33.420Z,2019-12-24,-26.964,-63.3857,572.44,6,mww,,31,5.13,0.93,us,us70006qk4,2020-03-14T22:25:14.040Z,16km WNW of El Hoyo, Argentina,9.1,3,0.04,61,reviewed,us,us
2019-12-23T20:56:23.555Z,2019-12-23,50.5169,-129.7573,10,6,mww,,99,1.042,1.05,us,us70006q96,2020-03-07T17:47:53.040Z,166km W of Port Hardy, Canada,5.7,1.8,0.038,66,reviewed,us,us
2019-12-23T19:49:43.086Z,2019-12-23,50.6071,-129.9372,10,6,mww,,100,1.149,1.06,us,us70006q8n,2020-03-07T17:47:53.040Z,178km W of Port Hardy, Canada,4.4,1.8,0.03,106,reviewed,us,us
2019-12-23T19:13:25.075Z,2019-12-23,50.543,-129.8328,10,5.7,mww,,116,1.087,0.93,us,us70006q8f,2020-03-07T17:47:52.040Z,171km W of Port Hardy, Canada,3.3,1.7,0.032,92,reviewed,us,us
2019-12-23T15:47:56.102Z,2019-12-23,13.764,-92.8614,10,5.8,mww,,73,1.36,0.87,us,us70006q68,2020-03-07T17:47:51.040Z,109km SW of Ocos, Guatemala,6.8,1.8,0.036,73,reviewed,us,us
2019-12-23T06:33:40.312Z,2019-12-23,11.5267,141.7335,41.91,5.8,mww,,29,14.599,0.8,us,us70006q2n,2020-10-12T06:43:48.176Z,235km NE of Fais, Micronesia,8.8,3.6,0.062,25,reviewed,us,us
2019-12-20T11:39:52.874Z,2019-12-20,36.5374,70.4555,212,6.1,mww,,18,1.382,0.87,us,us70006p18,2020-07-10T17:55:56.914Z,49km SW of Jarm, Afghanistan,6.4,1.9,0.058,29,reviewed,us,us
2019-12-19T15:25:58.816Z,2019-12-19,1.8052,8.184,10,5.5,mww,,34,2.777,0.73,us,us70006nih,2020-03-07T17:47:35.040Z,87km ENE of Santo Antonio, Sao Tome and Principe,6.4,1.8,0.065,23,reviewed,us,us
2019-12-19T12:35:31.287Z,2019-12-19,13.7354,-91.2255,21,5.9,mww,,58,0.907,1.41,us,us70006ng5,2020-07-10T17:55:46.004Z,42km SSW of La Gomera, Guatemala,7.3,1.6,0.034,85,reviewed,us,us
2019-12-19T11:55:32.451Z,2019-12-19,18.5797,145.6077,186,5.6,mww,,21,3.324,1.11,us,us70006nf0,2020-10-15T12:05:36.127Z,21km SSW of Agrihan, Northern Mariana Islands,7.9,1.9,0.041,58,reviewed,us,us
2019-12-19T04:49:38.944Z,2019-12-19,-26.2891,178.3775,616.36,5.6,mww,,27,4.402,0.89,us,us70006nak,2020-03-07T17:47:33.040Z,South of the Fiji Islands,,9.4,3.8,0.08,15,reviewed,us,us
2019-12-18T01:56:44.349Z,2019-12-18,-29.7563,-178.4871,10,5.9,mww,,56,0.704,0.84,us,us60006szl,2020-03-07T17:47:29.040Z,78km SW of Raoul Island, New Zealand,6.3,1.7,0.043,52,reviewed,us,us
2019-12-16T14:49:16.108Z,2019-12-16,-2.9702,100.9448,40.28,5.6,mww,,95,2.436,0.73,us,us60006s6p,2020-03-04T21:27:10.040Z,109km SSW of Sungaipenuh, Indonesia,7.4,4.3,0.062,25,reviewed,us,us
2019-12-15T07:09:20.910Z,2019-12-15,6.5335,125.2599,10,5.6,mww,,36,0.619,0.82,us,us60006rpn,2020-07-10T17:38:05.700Z,9km SSE of Kiblawan, Philippines,7.5,1.8,0.055,32,reviewed,us,us
2019-12-15T06:11:51.155Z,2019-12-15,6.6969,125.1739,18,6.8,mww,,39,0.546,1.05,us,us60006rp9,2020-10-12T03:04:21.498Z,7km S of Magsaysay, Philippines,8,1.7,0.051,37,reviewed,us,us
2019-12-14T04:57:34.937Z,2019-12-14,-14.3628,167.7089,7.51,6,mww,,25,1.183,1.38,us,us60006rem,2020-07-10T17:37:38.138Z,55km SSE of Sola, Vanuatu,7.4,3.4,0.058,29,reviewed,us,us
2019-12-10T17:05:02.138Z,2019-12-10,30.7269,141.7195,11,5.8,mww,,14,2.88,0.73,us,us60006ptp,2020-03-04T21:26:51.040Z,Izu Islands, Japan region,6.4,1.7,0.051,37,reviewed,us,us
2019-12-10T08:40:42.625Z,2019-12-10,-20.9401,168.6142,10,5.7,mww,,31,0.765,1.44,us,us60006ppb,2020-03-04T21:26:50.040Z,101km NE of Tadine, New Caledonia,4.9,1.7,0.049,40,reviewed,us,us
2019-12-09T17:59:47.902Z,2019-12-09,-52.8364,11.387,10,5.6,mww,,38,19.92,0.84,us,us60006pbw,2020-02-29T19:53:01.040Z,Southwest of Africa,Africa,9.5,1.8,0.08,15,reviewed,us,us
2019-12-06T15:42:44.396Z,2019-12-06,-15.0233,-175.0789,10,5.8,mww,,44,3.384,0.8,us,us60006n2z,2020-02-29T19:53:02.040Z,175km NW of Hihifo, Tonga,7.5,1.8,0.098,10,reviewed,us,us
2019-12-06T13:04:46.540Z,2019-12-06,-15.2594,-175.1035,10,6,mww,,47,3.488,0.54,us,us60006n19,2020-02-29T19:53:02.040Z,164km WNW of Hihifo, Tonga,6.5,1.6,0.089,12,reviewed,us,us
2019-12-05T12:24:44.024Z,2019-12-05,5.3809,126.754,44,5.6,mww,,36,2.044,0.85,us,us60006mdf,2020-02-29T19:52:53.040Z,125km SSE of Pondaguitan, Philippines,7.1,1.9,0.065,23,reviewed,us,us
2019-12-05T02:03:18.954Z,2019-12-05,45.336,150.1395,36,5.5,mww,,57,5.378,0.59,us,us60006m7z,2020-02-29T19:52:51.040Z,177km E of Kuril'sk, Russia,7.3,1.2,0.093,11,reviewed,us,us
2019-12-04T20:10:03.595Z,2019-12-04,-19.0677,169.5748,266,6,mww,,20,2.804,0.72,us,us60006m2j,2020-02-29T19:53:03.040Z,62km NNE of Isangel, Vanuatu,7.3,1.8,0.037,71,reviewed,us,us
2019-12-03T22:23:12.720Z,2019-12-03,-3.2231,150.7609,10,5.6,mww,,30,1.698,0.63,us,us60006lsm,2020-02-29T19:52:55.040Z,71km S of Kavieng, Papua New Guinea,7,1.8,0.065,23,reviewed,us,us
2019-12-03T08:46:35.780Z,2019-12-03,-18.5042,-70.576,38,6,mww,,82,0.258,1.38,us,us70006fh7,2020-07-10T17:55:35.215Z,28km W of Arica, Chile,5.5,1.9,0.071,19,reviewed,us,us
2019-12-02T05:01:54.821Z,2019-12-02,51.1867,-178.1001,28,6,mww,,57,0.578,1.03,us,us70006f6d,2020-10-12T05:12:08.165Z,70km E of Amatignak Island, Alaska,4.3,1.8,0.039,63,reviewed,us,us
2019-11-30T19:52:40.706Z,2019-11-30,-26.6111,178.3264,614.01,5.5,mww,,17,4.226,0.91,us,us70006eu5,2020-02-19T18:58:25.040Z,South of the Fiji Islands,,9.5,4.5,0.089,12,reviewed,us,us
2019-11-30T07:44:21.562Z,2019-11-30,13.8429,-91.893,19,5.7,mww,,157,0.704,1.17,us,us70006eqm,2020-02-19T18:58:23.040Z,50km S of Champerico, Guatemala,7.4,1.9,0.054,33,reviewed,us,us
2019-11-28T00:26:29.388Z,2019-11-28,-60.8961,-50.9118,10,5.5,mww,,50,3.801,0.67,us,us70006e09,2020-02-19T18:58:15.040Z,Scotia Sea,,3.7,1.7,0.05,39,reviewed,us,us
2019-11-27T10:00:39.869Z,2019-11-27,-22.0859,-179.4697,564.12,5.5,mww,,23,4.907,0.76,us,us70006dnx,2020-02-19T18:58:11.040Z,177km SSW of Ndoi Island, Fiji,10,5.2,0.08,15,reviewed,us,us
2019-11-27T07:23:42.383Z,2019-11-27,35.7174,23.2284,69,6,mww,,18,1.421,1.02,us,us70006dlt,2020-02-19T18:58:10.040Z,43km NW of Platanos, Greece,6.5,1.9,0.051,37,reviewed,us,us
2019-11-26T06:08:21.820Z,2019-11-26,41.5708,19.4242,10,5.5,mww,,19,0.866,1.34,us,us70006d2z,2020-07-10T17:54:46.671Z,22km W of Mamurras, Albania,5.7,1.8,0.038,65,reviewed,us,us
2019-11-26T02:54:12.872Z,2019-11-26,41.5138,19.5256,22,6.4,mww,,17,0.936,0.61,us,us70006d0m,2020-07-10T17:54:22.698Z,15km WSW of Mamurras, Albania,4.3,1.8,0.037,72,reviewed,us,us
2019-11-24T00:54:01.053Z,2019-11-24,51.3808,-175.5115,20,6.3,mww,,22,0.658,0.95,us,us70006cb6,2020-10-18T01:04:16.868Z,96km SE of Adak, Alaska,3.9,1.8,0.031,99,reviewed,us,us
2019-11-23T16:34:43.818Z,2019-11-23,-37.3696,177.2566,120.5,5.8,mww,,24,0.857,0.91,us,us70006c81,2020-02-14T22:02:15.040Z,69km NNE of Whakatane, New Zealand,8.4,1.8,0.047,43,reviewed,us,us
2019-11-23T12:11:15.564Z,2019-11-23,1.6436,132.8148,5,6.2,mww,,25,4.567,0.94,us,us70006c6w,2020-02-14T22:02:14.040Z,Papua region, Indonesia,6.5,1.7,0.042,54,reviewed,us,us
2019-11-20T23:50:43.955Z,2019-11-20,19.4533,101.3558,10,6.2,mww,,15,2.366,0.62,us,us70006ara,2020-07-10T17:53:43.441Z,32km ESE of Chaloem Phra Kiat, Thailand,6.4,1.7,0.049,40,reviewed,us,us
2019-11-20T21:03:57.835Z,2019-11-20,19.4452,101.2534,10,5.7,mww,,38,2.271,0.67,us,us70006anm,2020-07-10T17:53:32.604Z,23km SE of Chaloem Phra Kiat, Thailand,6.6,1.8,0.052,35,reviewed,us,us
2019-11-20T08:26:08.017Z,2019-11-20,53.128,153.6799,496,6.3,mww,,16,2.421,0.94,us,us70006a9e,2020-02-14T22:02:06.040Z,264km NW of Ozernovskiy, Russia,8.9,1.9,0.051,37,reviewed,us,us
2019-11-20T04:27:05.252Z,2019-11-20,13.8859,-93.2068,15,6.3,mww,,56,1.365,0.79,us,us70006a6q,2020-02-14T22:02:05.040Z,125km SW of Puerto Madero, Mexico,4.4,1.5,0.032,96,reviewed,us,us
2019-11-19T23:10:40.570Z,2019-11-19,-33.6399,-66.8723,10,5.7,mww,,21,2.333,0.86,us,us70006a4q,2020-07-10T17:53:22.523Z,62km SW of San Luis, Argentina,6.1,1.7,0.045,48,reviewed,us,us
2019-11-18T13:22:10.121Z,2019-11-18,7.6222,124.9103,14.45,5.9,mww,,41,0.861,0.73,us,us700069f4,2020-07-10T17:53:09.085Z,2km N of Kadingilan, Philippines,6.1,3.2,0.065,23,reviewed,us,us
2019-11-17T12:13:27.791Z,2019-11-17,-20.8071,-177.8316,499,5.8,mww,,62,4.938,0.92,us,us7000694m,2020-02-07T20:21:59.040Z,92km E of Ndoi Island, Fiji,10.3,2,0.05,38,reviewed,us,us
2019-11-16T10:19:13.323Z,2019-11-16,1.5673,126.3349,24,5.9,mww,,29,1.299,0.81,us,us700068sr,2020-02-07T20:21:43.040Z,128km E of Bitung, Indonesia,6.5,1.4,0.047,43,reviewed,us,us
2019-11-15T01:17:38.332Z,2019-11-15,1.6158,126.3469,35,5.9,mww,,22,1.32,1.33,us,us60006bu3,2020-02-07T20:21:16.040Z,130km E of Bitung, Indonesia,6.6,1.8,0.052,36,reviewed,us,us
2019-11-14T23:17:20.204Z,2019-11-14,1.5819,126.3309,24.57,5.5,mww,,27,1.311,0.75,us,us60006bse,2020-02-07T20:21:13.040Z,128km E of Bitung, Indonesia,6.2,3.2,0.078,16,reviewed,us,us
2019-11-14T21:12:54.753Z,2019-11-14,1.5361,126.4161,23,6,mww,,18,1.216,1.42,us,us60006bpw,2020-02-07T20:21:07.040Z,134km NW of Kota Ternate, Indonesia,6.6,1.7,0.061,26,reviewed,us,us
2019-11-14T18:45:39.058Z,2019-11-14,1.4326,126.3608,27.23,5.8,mb,,29,1.201,0.83,us,us60006bmg,2020-02-07T20:21:01.040Z,131km E of Bitung, Indonesia,6.8,3.9,0.034,321,reviewed,us,us
2019-11-14T16:17:40.578Z,2019-11-14,1.6213,126.4156,33,7.1,mww,,11,1.271,1.15,us,us60006bjl,2020-10-03T05:38:51.266Z,138km E of Bitung, Indonesia,6.1,1.7,0.036,75,reviewed,us,us
2019-11-14T05:26:24.940Z,2019-11-14,9.9368,57.6296,10,5.5,mww,,64,14.612,0.69,us,us60006bdi,2020-02-07T20:20:47.040Z,Carlsberg Ridge,,9.4,1.8,0.063,24,reviewed,us,us
2019-11-13T16:28:52.886Z,2019-11-13,13.6755,-90.9373,45,5.5,mww,,48,1.119,1.29,us,us60006b3s,2020-02-07T20:20:39.040Z,30km SSW of Puerto San Jose, Guatemala,6.5,1.8,0.065,23,reviewed,us,us
2019-11-13T13:44:05.000Z,2019-11-13,7.321,-35.4035,10,5.5,mww,,59,13.071,0.52,us,us60006b29,2020-02-07T20:20:36.040Z,Central Mid-Atlantic Ridge,,8.6,1.5,0.06,27,reviewed,us,us
2019-11-11T23:03:28.119Z,2019-11-11,-18.8625,-175.3675,10,6.2,mww,,17,5.152,0.75,us,us60006adv,2020-02-01T23:22:24.040Z,147km W of Neiafu, Tonga,6.4,1.7,0.063,24,reviewed,us,us
2019-11-11T23:00:21.446Z,2019-11-11,-18.6866,-175.3699,10,5.5,mww,,30,5.167,0.73,us,us60006adr,2020-02-01T23:22:24.040Z,146km W of Neiafu, Tonga,8,1.7,0.098,10,reviewed,us,us
2019-11-09T11:24:30.636Z,2019-11-09,-20.2924,-176.3942,255,5.6,mww,,45,5.832,0.95,us,us600069nz,2020-02-01T23:22:10.040Z,155km NW of Nuku`alofa, Tonga,10.4,1.9,0.058,29,reviewed,us,us
2019-11-09T08:32:52.323Z,2019-11-09,14.5086,-90.2743,200,5.5,mww,,101,0.891,1.01,us,us600069n1,2020-02-01T23:22:08.040Z,9km WSW of Mataquescuintla, Guatemala,7.7,1.9,0.038,65,reviewed,us,us
2019-11-08T10:44:44.338Z,2019-11-08,-21.9449,-179.5113,577,6.5,mww,,25,4.765,0.83,us,us6000693m,2020-02-01T23:21:56.040Z,166km SSW of Ndoi Island, Fiji,9.2,1.9,0.042,55,reviewed,us,us
2019-11-08T09:41:14.601Z,2019-11-08,-15.7806,-172.8512,43,5.8,mww,,44,2.13,1.04,us,us6000692t,2020-02-01T23:21:56.040Z,98km E of Hihifo, Tonga,7.9,1.9,0.069,20,reviewed,us,us
2019-11-07T22:47:07.041Z,2019-11-07,37.8026,47.5814,20,5.9,mww,,20,2.752,0.67,us,us600068w0,2020-07-10T17:36:20.067Z,59km NE of Hashtrud, Iran,6.5,1.7,0.059,28,reviewed,us,us
2019-11-06T20:52:54.686Z,2019-11-06,14.8741,122.7951,6.6,5.6,mww,,30,1.956,1.23,us,us7000645k,2020-02-01T23:21:42.040Z,49km ENE of Jomalig, Philippines,7.1,3.9,0.052,36,reviewed,us,us
2019-11-06T00:39:09.303Z,2019-11-06,-13.7208,167.8086,10,6,mww,,36,1.813,1.07,us,us700063sp,2020-07-10T17:52:35.122Z,33km ENE of Sola, Vanuatu,8,1.7,0.061,26,reviewed,us,us
2019-11-05T23:17:26.588Z,2019-11-05,-13.7988,167.7494,19,6,mww,,38,1.721,0.9,us,us700063rx,2020-07-10T17:52:20.510Z,23km ENE of Sola, Vanuatu,9.2,1.8,0.065,23,reviewed,us,us
2019-11-05T20:52:01.485Z,2019-11-05,-57.9236,-9.3217,10,6.3,mww,,30,14.063,1.42,us,us700063mh,2020-02-01T23:21:37.040Z,East of the South Sandwich Islands,,10,1.7,0.048,41,reviewed,us,us
2019-11-04T22:46:10.736Z,2019-11-04,-18.5973,-175.7007,10,5.5,mb,,88,5.488,0.99,us,us7000635n,2020-01-18T20:00:58.040Z,181km W of Neiafu, Tonga,12.8,1.8,0.07,70,reviewed,us,us
2019-11-04T22:43:32.280Z,2019-11-04,-18.5747,-175.272,10,6.6,mww,,48,5.086,0.93,us,us7000635e,2020-01-18T20:00:58.040Z,136km W of Neiafu, Tonga,8.3,1.8,0.04,61,reviewed,us,us
2019-11-04T21:53:25.320Z,2019-11-04,-31.8362,-71.3753,53,6.1,mww,,23,0.707,1.14,us,us70006345,2020-07-10T17:52:09.617Z,30km SW of Illapel, Chile,4.7,1.8,0.057,30,reviewed,us,us
2019-11-03T13:23:18.432Z,2019-11-03,-29.1642,-67.6662,120,5.6,mww,,48,2.264,0.93,us,us700062je,2020-01-18T20:00:57.040Z,16km W of Chilecito, Argentina,4.6,1.9,0.04,60,reviewed,us,us
2019-11-02T18:08:41.113Z,2019-11-02,-55.735,-26.2399,8,6.1,mww,,23,6.073,1.3,us,us700062cg,2020-01-18T20:00:55.040Z,122km NNE of Visokoi Island, South Georgia and the South Sandwich Islands,8.7,1.6,0.05,38,reviewed,us,us
2019-11-01T02:33:58.542Z,2019-11-01,3.2144,126.9855,28.09,5.6,mww,,45,2.456,1.16,us,us700061vl,2020-01-18T20:00:51.040Z,199km NW of Tobelo, Indonesia,6.8,3.6,0.089,12,reviewed,us,us
2019-10-31T01:11:19.146Z,2019-10-31,6.9098,125.1782,10,6.5,mww,,19,0.428,0.76,us,us700061e9,2020-07-10T17:51:48.013Z,2km ESE of Kisante, Philippines,7,1.7,0.043,51,reviewed,us,us
2019-10-29T08:44:08.600Z,2019-10-29,-6.311,154.8367,54.26,5.8,mww,,15,3.394,1.09,us,us600064al,2020-01-18T20:00:37.040Z,71km W of Panguna, Papua New Guinea,6.6,4,0.062,25,reviewed,us,us
2019-10-29T08:16:31.018Z,2019-10-29,-23.342,-177.0376,153.35,5.5,mww,,37,5.933,1.22,us,us600064a5,2020-01-18T20:00:37.040Z,South of the Fiji Islands,,7.9,3.6,0.062,25,reviewed,us,us
2019-10-29T02:42:38.284Z,2019-10-29,6.8659,124.9846,10,5.9,mww,,23,0.623,0.89,us,us60006470,2020-07-10T17:36:07.155Z,8km E of Bagontapay, Philippines,5.8,1.8,0.055,32,reviewed,us,us
2019-10-29T01:09:01.253Z,2019-10-29,6.7869,125.0186,14.1,5.6,mb,,45,0.623,0.73,us,us70006424,2020-07-10T17:52:47.660Z,11km E of Bual, Philippines,3.7,3.8,0.061,95,reviewed,us,us
2019-10-29T01:04:43.879Z,2019-10-29,6.7567,125.0082,15,6.6,mww,,24,0.646,0.78,us,us6000645n,2020-10-03T04:44:49.510Z,10km NE of Columbio, Philippines,5.7,1.8,0.043,52,reviewed,us,us
2019-10-26T00:41:25.501Z,2019-10-26,52.3233,-170.1665,35,5.8,mww,,31,0.537,0.88,us,us6000632m,2020-10-17T00:51:31.670Z,49km SE of Yunaska Island, Alaska,5.3,1.8,0.047,43,reviewed,us,us
2019-10-24T19:14:16.627Z,2019-10-24,-28.5205,-177.0475,70,5.7,mww,,41,1.057,1.34,us,us600062n7,2020-01-11T21:26:35.040Z,117km NE of Raoul Island, New Zealand,7.8,1.9,0.056,31,reviewed,us,us
2019-10-24T13:38:16.637Z,2019-10-24,1.1847,124.2015,241,5.6,mww,,35,2.633,1.06,us,us6000624h,2020-01-11T21:26:34.040Z,22km NNW of Poigar, Indonesia,7,1.9,0.044,49,reviewed,us,us
2019-10-24T10:50:15.535Z,2019-10-24,-17.6277,-172.7046,10,5.5,mww,,40,3.005,1.47,us,us6000624a,2020-01-11T21:26:34.040Z,176km NE of Neiafu, Tonga,7.2,1.7,0.066,22,reviewed,us,us
2019-10-23T16:08:14.497Z,2019-10-23,-1.0987,-13.8367,10,6.3,mww,,18,6.716,0.92,us,us70005xr7,2020-01-11T21:26:30.040Z,North of Ascension Island,,8.9,1.8,0.063,24,reviewed,us,us
2019-10-22T19:15:28.893Z,2019-10-22,-2.8648,138.3001,10,5.5,mww,,26,2.426,0.67,us,us70005xa1,2020-07-10T17:51:36.826Z,245km ENE of Enarotali, Indonesia,6.9,1.8,0.071,19,reviewed,us,us
2019-10-22T04:18:41.956Z,2019-10-22,-15.1698,-173.0068,29,5.9,mww,,24,1.728,0.88,us,us70005x1t,2020-01-11T21:26:21.040Z,117km NE of Hihifo, Tonga,7.1,1.8,0.089,12,reviewed,us,us
2019-10-21T10:58:52.650Z,2019-10-21,27.2259,55.0039,9,5.5,mww,,23,2.514,1.04,us,us70005wp5,2020-07-10T17:51:25.297Z,75km N of Bandar-e Lengeh, Iran,7,1.8,0.063,24,reviewed,us,us
2019-10-21T02:52:29.674Z,2019-10-21,-19.0184,169.4883,231,6.4,mww,,23,2.806,0.91,us,us70005wj6,2020-01-03T16:09:41.040Z,63km NNE of Isangel, Vanuatu,7.1,0.8,0.035,78,reviewed,us,us
2019-10-19T20:31:55.464Z,2019-10-19,-18.9154,178.0608,17.49,5.7,mww,,37,1.164,0.84,us,us70005w2i,2020-07-10T17:51:14.714Z,94km SSW of Suva, Fiji,6.6,3.1,0.06,27,reviewed,us,us
2019-10-17T19:34:07.583Z,2019-10-17,-2.8993,141.6309,20.12,5.5,mww,,17,1.001,0.82,us,us70005v4h,2020-07-10T17:51:03.696Z,44km SE of Vanimo, Papua New Guinea,6.6,3.4,0.065,23,reviewed,us,us
2019-10-16T11:37:06.342Z,2019-10-16,6.7147,125.007,16.12,6.4,mww,,33,0.668,0.85,us,us70005ulm,2020-10-03T04:55:56.212Z,7km ENE of Columbio, Philippines,6.4,4.2,0.043,53,reviewed,us,us
2019-10-14T22:23:54.247Z,2019-10-14,-4.482,101.1948,19,5.9,mww,,33,1.759,0.77,us,us70005u76,2019-12-28T20:45:49.040Z,140km WSW of Bengkulu, Indonesia,6,1.8,0.073,18,reviewed,us,us
2019-10-14T21:33:22.184Z,2019-10-14,-55.7997,-27.076,19,5.5,mww,,46,5.621,0.79,us,us70005u6q,2019-12-28T20:45:53.040Z,100km N of Visokoi Island, South Georgia and the South Sandwich Islands,9.7,1.7,0.086,13,reviewed,us,us
2019-10-13T06:09:02.682Z,2019-10-13,-56.3302,-26.1992,19.6,5.5,mww,,33,6.223,0.7,us,us70005ttv,2019-12-28T20:45:49.040Z,74km ENE of Visokoi Island, South Georgia and the South Sandwich Islands,4.3,3.4,0.073,18,reviewed,us,us
2019-10-10T03:18:03.744Z,2019-10-10,-57.9578,157.3779,10,5.6,mww,,45,13.105,0.72,us,us70005svg,2019-12-28T20:45:49.040Z,Macquarie Island region,,10.2,1.8,0.083,14,reviewed,us,us
2019-10-09T20:22:51.374Z,2019-10-09,-35.0474,-179.3268,10,5.6,mww,,58,3.154,0.91,us,us70005sqk,2019-12-28T20:45:48.040Z,East of the North Island of New Zealand,,4.8,1.8,0.05,39,reviewed,us,us
2019-10-09T05:44:46.324Z,2019-10-09,-57.9319,-139.1827,10,5.5,mww,,148,26.755,0.48,us,us70005sih,2019-12-28T20:45:50.040Z,Pacific-Antarctic Ridge,,7.1,1.9,0.075,17,reviewed,us,us
2019-10-06T10:40:56.391Z,2019-10-06,-21.9343,-68.5934,119,5.7,mww,,34,0.617,0.96,us,us70005r9l,2019-12-27T15:50:50.040Z,68km NNE of Calama, Chile,6.1,1.9,0.052,35,reviewed,us,us
2019-10-03T14:33:04.087Z,2019-10-03,-2.6511,138.3412,13.26,5.6,mww,,19,6.091,0.87,us,us70005q83,2020-07-10T17:49:51.679Z,249km W of Abepura, Indonesia,7.8,3.7,0.061,26,reviewed,us,us
2019-10-01T19:57:09.995Z,2019-10-01,-55.2581,158.5515,10,5.5,mww,,53,10.452,0.68,us,usd000b35a,2019-12-27T15:49:44.040Z,89km SSW of Macquarie Island, Australia,10.4,1.8,0.059,28,reviewed,us,us
2019-10-01T03:56:07.115Z,2019-10-01,-55.9278,-122.5586,10,6,mww,,50,27.632,0.8,us,us70005p73,2019-12-27T15:49:34.040Z,Southern East Pacific Rise,,11.5,1,0.063,24,reviewed,us,us
2019-09-30T11:53:22.983Z,2019-09-30,-22.1911,-68.799,117,5.6,mww,,36,0.568,1.3,us,us70005nud,2019-12-20T19:04:01.040Z,33km NNE of Calama, Chile,4.6,1.8,0.043,51,reviewed,us,us
2019-09-29T15:57:53.236Z,2019-09-29,-35.4758,-73.163,11,6.7,mww,,98,1.269,0.65,us,us70005nie,2020-07-10T17:49:14.450Z,69km WSW of Constitucion, Chile,3,1.8,0.04,61,reviewed,us,us
2019-09-29T02:02:51.883Z,2019-09-29,5.6756,126.5481,73,6.2,mww,,16,1.686,1.33,us,us70005nbb,2019-12-20T19:03:35.040Z,86km SSE of Pondaguitan, Philippines,7.2,1.8,0.036,73,reviewed,us,us
2019-09-27T15:11:29.893Z,2019-09-27,-35.9171,-102.7817,10,5.9,mww,,41,10.391,1.11,us,us70005mls,2019-12-20T19:03:18.040Z,Southeast of Easter Island,,10.5,1.8,0.062,25,reviewed,us,us
2019-09-27T12:05:02.549Z,2019-09-27,-30.1733,-177.8625,34,6.1,mww,,18,0.926,0.86,us,us70005mea,2019-12-20T19:03:15.040Z,100km S of Raoul Island, New Zealand,7.1,1.8,0.046,45,reviewed,us,us
2019-09-26T19:00:41.378Z,2019-09-26,-13.3744,-111.4258,10,5.5,mww,,96,28.527,1.29,us,us70005lx1,2019-12-20T19:02:57.040Z,Central East Pacific Rise,,14,1.9,0.065,23,reviewed,us,us
2019-09-26T16:36:18.155Z,2019-09-26,-40.8145,-71.9993,129,6.1,mww,,30,0.445,0.79,us,us70005lt4,2020-07-10T17:49:02.025Z,30km WSW of Villa La Angostura, Argentina,4.5,1.8,0.058,29,reviewed,us,us
2019-09-26T10:59:25.648Z,2019-09-26,40.9035,28.1502,8,5.7,mww,,19,1.595,0.9,us,us70005lkl,2020-07-10T17:48:49.729Z,18km ESE of Marmaraereglisi, Turkey,5.2,1.8,0.033,88,reviewed,us,us
2019-09-26T00:39:59.361Z,2019-09-26,-3.6266,128.4155,10,5.5,mww,,15,3.891,1.08,us,us70005lg7,2020-07-10T17:48:29.077Z,9km ESE of Tulehu, Indonesia,6.1,1.6,0.075,17,reviewed,us,us
2019-09-25T23:46:43.543Z,2019-09-25,-3.4528,128.3699,12.26,6.5,mww,,15,3.909,0.95,us,us70005lfd,2020-07-10T17:48:10.911Z,11km S of Kairatu, Indonesia,6.2,2.4,0.038,65,reviewed,us,us
2019-09-24T21:19:47.423Z,2019-09-24,-33.8212,56.2997,10,6,mww,,16,11.982,0.69,us,us60005n52,2019-12-20T19:02:17.040Z,Southwest Indian Ridge,,8.8,1.7,0.049,40,reviewed,us,us
2019-09-24T03:23:40.000Z,2019-09-24,19.077,-67.2701,10,6,mw,25,193,0.6299,0.88,pr,pr2019267000,2020-09-23T03:33:47.486Z,69km NNW of San Antonio, Puerto Rico,3.8,31.61,0.51,25,reviewed,pr,pr
2019-09-22T07:32:33.386Z,2019-09-22,-15.5629,-173.0597,10,5.6,mww,,60,4.599,0.79,us,us60005ly5,2019-12-10T17:27:03.040Z,85km ENE of Hihifo, Tonga,8.7,1.8,0.057,30,reviewed,us,us
2019-09-21T19:53:13.441Z,2019-09-21,-6.4584,130.4262,65,5.9,mww,,10,1.744,0.92,us,us60005lts,2019-12-10T17:27:01.040Z,192km NNW of Saumlaki, Indonesia,5.7,1.8,0.059,28,reviewed,us,us
2019-09-21T14:04:25.803Z,2019-09-21,41.3375,19.5303,20,5.6,mww,,34,1.109,1.13,us,us60005lrf,2020-07-10T17:34:39.700Z,3km WSW of Shijak, Albania,2.1,1.8,0.042,55,reviewed,us,us
2019-09-19T07:32:58.793Z,2019-09-19,-6.0534,111.8968,636.41,5.6,mb,,25,1.752,0.69,us,us60005kuc,2019-12-10T17:26:57.040Z,75km NNE of Sendangmulyo, Indonesia,9.9,6.7,0.066,82,reviewed,us,us
2019-09-19T07:32:01.582Z,2019-09-19,-6.0586,111.8877,617.56,5.9,mww,,19,1.742,0.87,us,us60005ku0,2019-12-10T17:26:57.040Z,74km NNE of Blimbing, Indonesia,9.3,3.7,0.048,41,reviewed,us,us
2019-09-19T07:06:33.291Z,2019-09-19,-6.0708,111.8422,610,6.1,mww,,19,1.698,0.97,us,us60005kta,2019-12-10T17:26:57.040Z,70km NNE of Blimbing, Indonesia,8.8,2,0.038,66,reviewed,us,us
2019-09-18T07:01:01.841Z,2019-09-18,5.4093,126.4529,23.45,5.6,mww,,30,1.864,1.3,us,us70005hsp,2019-12-10T17:27:10.040Z,106km ESE of Caburan, Philippines,6.1,2.6,0.055,32,reviewed,us,us
2019-09-14T16:21:27.604Z,2019-09-14,-0.9809,128.5368,4.45,5.8,mww,,37,2.097,0.85,us,us70005ge3,2020-07-10T17:47:59.737Z,104km ENE of Laiwui, Indonesia,6.3,2.2,0.058,29,reviewed,us,us
2019-09-13T22:53:31.344Z,2019-09-13,-15.3534,-173.1702,10,5.7,mwc,,24,4.828,0.72,us,us70005g6k,2019-12-05T18:31:03.040Z,90km NE of Hihifo, Tonga,8,1.7,,11,reviewed,us,gcmt
2019-09-11T17:51:55.815Z,2019-09-11,-25.5414,178.2587,618.35,5.6,mww,,25,5.009,0.97,us,us70005exl,2019-12-05T18:30:59.040Z,South of the Fiji Islands,,10.2,5.8,0.063,24,reviewed,us,us
2019-09-10T23:32:23.782Z,2019-09-10,4.0301,126.6816,27,5.6,mww,,27,3.212,1.16,us,us70005ej7,2020-07-10T17:47:49.247Z,203km SE of Sarangani, Philippines,6.6,1.8,0.056,31,reviewed,us,us
2019-09-10T20:32:12.177Z,2019-09-10,57.0194,-139.5292,9.94,5.7,mww,,67,2.015,1.32,us,us70005eee,2020-09-09T20:42:25.734Z,254km W of Sitka, Alaska,5.5,3,0.042,55,reviewed,us,us
2019-09-10T05:39:24.000Z,2019-09-10,6.6371,126.4167,48,5.7,mww,,21,0.936,1.39,us,us70005dza,2020-07-10T17:47:38.764Z,26km SSE of Tamisan, Philippines,6.5,1.9,0.047,44,reviewed,us,us
2019-09-09T09:53:31.044Z,2019-09-09,-36.3343,-99.2333,20.35,5.5,mww,,164,20.753,1.28,us,us70005dlz,2019-11-30T19:36:36.040Z,Southeast of Easter Island,,15.6,5.3,0.068,21,reviewed,us,us
2019-09-06T15:27:56.203Z,2019-09-06,-20.184,169.0534,27,5.9,mww,,42,2.843,1.27,us,us70005cu5,2019-11-30T19:37:04.040Z,73km SSW of Isangel, Vanuatu,7,1.8,0.058,29,reviewed,us,us
2019-09-05T15:02:45.258Z,2019-09-05,43.7183,-127.8191,10,5.9,mww,,31,2.681,0.83,us,us70005cba,2020-09-04T15:13:05.991Z,284km WNW of Bandon, Oregon,7.4,1.8,0.028,122,reviewed,us,us
2019-09-05T11:52:06.491Z,2019-09-05,52.5864,-31.916,10,5.5,mww,,38,11.307,0.88,us,us70005c9r,2019-11-30T19:37:14.040Z,Northern Mid-Atlantic Ridge,,9.2,1.8,0.05,38,reviewed,us,us
2019-09-05T09:12:19.960Z,2019-09-05,-2.5189,68.4834,10,5.6,mww,,28,5.412,1.09,us,us70005c8l,2019-11-30T19:37:15.040Z,Carlsberg Ridge,,8.4,1.7,0.066,22,reviewed,us,us
2019-09-04T09:48:22.017Z,2019-09-04,-18.9199,-176.3009,10,5.7,mww,,71,5.488,0.54,us,us70005bwn,2019-11-30T19:37:22.040Z,226km WNW of Pangai, Tonga,5.9,1.8,0.05,39,reviewed,us,us
2019-09-02T22:45:48.807Z,2019-09-02,23.7766,-45.2169,10,5.9,mww,,40,16.631,0.61,us,us70005b9q,2019-11-15T17:22:04.040Z,Northern Mid-Atlantic Ridge,,9.8,1.8,0.051,37,reviewed,us,us
2019-09-01T15:54:20.392Z,2019-09-01,-20.3641,-178.5701,591,6.6,mww,,19,4.121,1.02,us,us70005axg,2019-11-15T17:21:30.040Z,34km NNE of Ndoi Island, Fiji,9.9,1.9,0.038,65,reviewed,us,us
2019-09-01T02:34:50.972Z,2019-09-01,-49.8557,-114.7806,10,5.5,mww,,40,34.287,1.16,us,us70005arj,2019-11-15T17:21:13.040Z,Southern East Pacific Rise,,14.2,1.8,0.061,26,reviewed,us,us
2019-08-31T23:54:40.947Z,2019-08-31,-50.0035,-114.4669,10,5.7,mww,,64,26.489,0.51,us,us70005aqu,2019-11-15T17:21:09.040Z,Southern East Pacific Rise,,14.2,1.8,0.059,28,reviewed,us,us
2019-08-29T15:07:58.646Z,2019-08-29,43.5425,-127.8817,10,6.3,mww,,31,2.678,1.17,us,us700059qh,2020-08-28T15:18:10.303Z,285km W of Bandon, Oregon,6.9,1.8,0.04,60,reviewed,us,us
2019-08-28T23:46:40.132Z,2019-08-28,41.0682,142.9955,23.77,5.9,mww,,30,0.953,0.69,us,us700059ee,2019-11-15T17:19:45.040Z,141km ENE of Hachinohe, Japan,5.1,2.9,0.053,34,reviewed,us,us
2019-08-28T08:00:45.169Z,2019-08-28,-60.5584,-26.8518,10,5.5,mb,,55,8.154,0.95,us,us70005934,2019-11-15T17:19:11.040Z,170km S of Bristol Island, South Sandwich Islands,10.2,1.8,0.076,61,reviewed,us,us
2019-08-28T07:59:02.264Z,2019-08-28,-60.3573,-26.5291,10,5.6,mww,,54,8.124,0.74,us,us7000592z,2019-11-15T17:19:10.040Z,147km S of Bristol Island, South Sandwich Islands,9.9,0.6,0.083,14,reviewed,us,us
2019-08-27T23:55:19.187Z,2019-08-27,-60.2152,-26.5801,16,6.6,mww,,19,12.896,0.91,us,us700058yy,2019-11-15T17:18:59.040Z,131km S of Bristol Island, South Sandwich Islands,9.1,1.7,0.045,48,reviewed,us,us
2019-08-24T21:21:27.484Z,2019-08-24,-20.1852,-175.6299,215.14,5.5,mww,,30,6.31,0.92,us,us700057wp,2019-11-08T22:13:46.040Z,114km NNW of Nuku`alofa, Tonga,9.7,3.9,0.061,26,reviewed,us,us
2019-08-24T15:51:27.119Z,2019-08-24,-14.309,167.1897,115,6,mww,,26,1.131,1.19,us,us700057v4,2019-11-08T22:13:46.040Z,61km SW of Sola, Vanuatu,8.7,1.8,0.043,53,reviewed,us,us
2019-08-23T10:44:21.167Z,2019-08-23,-11.5925,166.3936,43,5.5,mww,,59,3.911,0.69,us,us700057i8,2019-11-08T22:13:43.040Z,114km SSE of Lata, Solomon Islands,7.1,1.9,0.078,16,reviewed,us,us
2019-08-22T22:54:25.722Z,2019-08-22,-12.5806,167.0624,206.89,5.6,mww,,28,2.852,0.71,us,us700057bs,2019-11-08T22:13:42.040Z,153km NNW of Sola, Vanuatu,7.7,3.5,0.049,40,reviewed,us,us
2019-08-22T19:27:11.919Z,2019-08-22,-14.6668,-177.4135,10,5.9,mww,,39,0.772,1.06,us,us7000577p,2019-11-08T22:13:40.040Z,90km ESE of Sigave, Wallis and Futuna,6.5,1.8,0.068,21,reviewed,us,us
2019-08-22T11:02:40.807Z,2019-08-22,17.5608,145.4748,519.87,5.5,mww,,43,2.326,1.04,us,us70005719,2020-08-21T11:12:51.651Z,68km SSW of Pagan, Northern Mariana Islands,9.5,4.2,0.059,28,reviewed,us,us
2019-08-21T14:28:25.652Z,2019-08-21,-50.3302,139.324,10,6,mww,,67,9.234,0.66,us,us600057xt,2019-11-08T22:13:37.040Z,Western Indian-Antarctic Ridge,,7.9,1.7,0.071,19,reviewed,us,us
2019-08-21T09:24:54.211Z,2019-08-21,-6.064,154.6474,64,5.5,mww,,30,3.095,0.91,us,us600057vb,2019-11-08T22:13:37.040Z,96km WNW of Panguna, Papua New Guinea,8.3,1.9,0.063,24,reviewed,us,us
2019-08-20T13:03:52.633Z,2019-08-20,-11.3683,166.2912,37,6,mww,,42,4.15,0.99,us,us600057ee,2020-07-10T17:34:29.511Z,87km SE of Lata, Solomon Islands,7.7,1.9,0.066,22,reviewed,us,us
2019-08-18T18:00:25.437Z,2019-08-18,16.626,146.3156,17.92,5.9,mww,,28,3.326,0.82,us,us600056r6,2020-08-17T18:10:37.148Z,75km ENE of Anatahan, Northern Mariana Islands,8.5,4,0.056,31,reviewed,us,us
2019-08-15T10:38:32.175Z,2019-08-15,-20.8068,173.4883,10,5.5,mww,,98,5.278,1.17,us,us600055cf,2019-11-02T15:26:07.040Z,154km NW of Ceva-i-Ra, Fiji,8.5,1.8,0.066,22,reviewed,us,us
2019-08-14T21:35:18.451Z,2019-08-14,20.5023,-109.2878,10,5.9,mww,,70,2.285,0.58,us,us6000556z,2019-11-02T15:26:05.040Z,262km NE of Socorro Island, Mexico,6.1,1.8,0.031,98,reviewed,us,us
2019-08-12T20:39:34.864Z,2019-08-12,15.9767,-93.7276,93,5.5,mww,,34,1.558,1.11,us,us60005489,2019-10-29T20:34:09.040Z,12km SSE of Tonala, Mexico,5.2,1.9,0.036,73,reviewed,us,us
2019-08-08T11:25:31.104Z,2019-08-08,37.935,29.7003,11,5.9,mww,,25,0.646,0.96,us,us6000529r,2020-07-10T17:33:55.739Z,9km ESE of Baklan, Turkey,4.7,1.7,0.039,64,reviewed,us,us
2019-08-08T00:45:26.713Z,2019-08-08,36.5272,70.0571,226,5.8,mww,,12,1.627,0.74,us,us60005247,2019-10-29T20:33:42.040Z,18km ESE of Farkhar, Afghanistan,6.2,1.8,0.053,34,reviewed,us,us
2019-08-07T21:28:03.651Z,2019-08-07,24.4782,121.9301,20.79,5.8,mww,,17,0.43,0.83,us,us6000522g,2020-07-10T17:33:44.435Z,15km SSE of Su'ao, Taiwan,5.3,2.1,0.068,21,reviewed,us,us
2019-08-07T05:32:40.615Z,2019-08-07,-15.4975,167.6555,124,5.9,mww,,34,0.439,0.78,us,us600051r4,2019-10-29T20:33:40.040Z,52km E of Luganville, Vanuatu,5.1,1.8,0.044,50,reviewed,us,us
2019-08-06T22:14:14.863Z,2019-08-06,-17.9594,168.5844,150,5.9,mww,,10,2.827,0.95,us,us600051m3,2019-10-29T20:33:39.040Z,37km SE of Port-Vila, Vanuatu,6.6,1.7,0.04,59,reviewed,us,us
2019-08-05T09:01:00.670Z,2019-08-05,-18.3793,-174.3733,10,5.7,mww,,48,4.27,1.22,us,us600050rn,2019-10-19T21:42:13.040Z,50km NW of Neiafu, Tonga,9.1,1.8,0.051,37,reviewed,us,us
2019-08-05T00:40:46.024Z,2019-08-05,1.0417,-27.8703,10,5.8,mww,,41,10.529,0.81,us,us600050ny,2019-10-31T20:26:38.550Z,Central Mid-Atlantic Ridge,,6.8,1.8,0.05,38,reviewed,us,us
2019-08-04T11:44:21.302Z,2019-08-04,-48.815,163.7897,10,5.6,mww,,92,3.296,1.19,us,us600050j4,2019-10-19T21:42:09.040Z,270km NW of Auckland Island, New Zealand,7,1.8,0.08,15,reviewed,us,us
2019-08-04T10:23:03.726Z,2019-08-04,37.7594,141.6031,38,6.3,mww,,32,0.653,0.78,us,us600050if,2020-07-10T17:33:19.457Z,61km ENE of Namie, Japan,7.3,1.9,0.071,19,reviewed,us,us
2019-08-02T12:03:27.001Z,2019-08-02,-7.2822,104.7907,49,6.9,mww,,23,2.839,0.76,us,us60004zhq,2020-09-10T08:28:30.575Z,106km WSW of Tugu Hilir, Indonesia,7,1.9,0.043,51,reviewed,us,us
2019-08-02T05:50:55.239Z,2019-08-02,-49.7307,-113.8331,10,6,mww,,82,22.79,0.92,us,us60004z9n,2019-10-19T21:42:04.040Z,Southern East Pacific Rise,,8.5,1.8,0.058,29,reviewed,us,us
2019-08-01T20:01:28.233Z,2019-08-01,-34.2812,-72.3734,15.41,5.6,mww,,80,0.886,0.63,us,us60004ys7,2019-10-19T21:42:04.040Z,100km WNW of Santa Cruz, Chile,4.9,3.4,0.086,13,reviewed,us,us
2019-08-01T18:28:07.270Z,2019-08-01,-34.2364,-72.3102,25,6.8,mww,,35,0.817,0.91,us,us60004yps,2020-07-10T17:32:41.012Z,95km SW of San Antonio, Chile,5.1,1.8,0.045,48,reviewed,us,us
2019-07-31T15:02:33.853Z,2019-07-31,-16.1985,167.9982,181,6.6,mww,,30,6.024,0.99,us,us60004xz4,2019-10-19T21:42:01.040Z,62km E of Lakatoro, Vanuatu,7.6,1.8,0.038,65,reviewed,us,us
2019-07-31T05:54:53.150Z,2019-07-31,13.1476,-89.3951,43,5.9,mww,,36,1.244,1.31,us,us60004xtc,2020-07-10T17:32:28.595Z,38km SSW of La Libertad, El Salvador,5.9,1.9,0.032,93,reviewed,us,us
2019-07-29T20:37:43.551Z,2019-07-29,32.8383,140.569,59.14,5.8,mww,,30,0.692,0.81,us,us60004x4m,2019-10-11T20:12:50.040Z,76km ESE of Hachijo-jima, Japan,7,3.7,0.053,34,reviewed,us,us
2019-07-28T12:32:39.708Z,2019-07-28,-55.8616,-124.7527,10,5.6,mww,,73,30.548,0.63,us,us60004x6z,2019-10-11T20:12:45.040Z,Southern East Pacific Rise,,13.7,1.8,0.069,20,reviewed,us,us
2019-07-27T18:31:07.540Z,2019-07-27,33.1492,137.3029,367,6.3,mww,,14,1.691,0.79,us,us60004wjb,2019-10-11T20:12:42.040Z,138km ESE of Shingu, Japan,7,1.9,0.055,32,reviewed,us,us
2019-07-27T10:07:56.554Z,2019-07-27,-59.846,-151.6538,10,5.6,mww,,72,22.542,1.06,us,us60004wg9,2019-10-11T20:12:40.040Z,Pacific-Antarctic Ridge,,13.7,1.2,0.089,12,reviewed,us,us
2019-07-27T09:55:08.207Z,2019-07-27,-59.6436,-150.9124,10,5.7,mww,,70,22.309,0.58,us,us60004wfx,2019-10-11T20:12:40.040Z,Pacific-Antarctic Ridge,,14,1.8,0.069,20,reviewed,us,us
2019-07-27T01:24:44.681Z,2019-07-27,20.754,122.0083,10,5.7,mww,,40,2.227,1.45,us,us60004wav,2020-07-10T17:32:07.049Z,17km ESE of Itbayat, Philippines,3.7,1.8,0.045,48,reviewed,us,us
2019-07-26T23:37:58.444Z,2019-07-26,20.8373,121.9744,9,6,mww,,23,2.138,0.75,us,us60004w8x,2020-07-10T17:31:51.149Z,14km ENE of Itbayat, Philippines,6.4,1.7,0.055,32,reviewed,us,us
2019-07-23T23:08:56.822Z,2019-07-23,-33.7984,-179.5086,35,5.5,mww,,69,4.155,0.93,us,us60004uec,2019-10-11T20:12:24.040Z,268km SSW of L'Esperance Rock, New Zealand,9.1,1.8,0.06,27,reviewed,us,us
2019-07-23T10:33:24.050Z,2019-07-23,-61.2867,154.1145,10,6,mww,,36,17.135,0.63,us,us70004r4f,2019-10-11T20:12:22.040Z,Balleny Islands region,,11.1,1.7,0.073,18,reviewed,us,us
2019-07-21T17:35:33.765Z,2019-07-21,12.2619,144.2534,9,5.5,mww,,31,1.449,1.02,us,us70004q4u,2020-07-20T17:45:38.694Z,119km SSW of Merizo Village, Guam,8.5,1.8,0.063,24,reviewed,us,us
2019-07-21T17:25:15.009Z,2019-07-21,12.3467,144.4007,10,5.5,mww,,46,1.316,1.18,us,us70004q4q,2020-07-20T17:35:19.777Z,105km SSW of Merizo Village, Guam,8.7,1.8,0.06,27,reviewed,us,us
2019-07-20T20:43:44.349Z,2019-07-20,-5.9945,149.5002,49,5.6,mww,,15,3.201,1.09,us,us70004psn,2019-10-04T16:37:28.040Z,25km NNW of Kandrian, Papua New Guinea,7,1.9,0.062,25,reviewed,us,us
2019-07-19T09:22:15.514Z,2019-07-19,27.7188,92.8302,15,5.5,mww,,17,2.313,0.54,us,us70004nrn,2020-07-10T17:46:02.648Z,67km NE of Bomdila, India,7.6,1.7,0.062,25,reviewed,us,us
2019-07-17T06:10:46.255Z,2019-07-17,-17.0261,-176.8917,10,5.6,mww,,51,2.95,0.79,us,us70004m2i,2019-10-04T16:37:07.040Z,Fiji region,,8,1.8,0.061,26,reviewed,us,us
2019-07-17T02:43:24.489Z,2019-07-17,-17.1515,-177.1344,10,5.6,mww,,100,2.982,0.66,us,us70004lzw,2019-10-04T16:37:05.040Z,Fiji region,,10.6,1.8,0.08,15,reviewed,us,us
2019-07-16T22:03:51.183Z,2019-07-16,12.3339,144.5005,7.33,5.7,mww,,11,1.298,0.81,us,us70004lw5,2020-07-15T22:14:03.662Z,104km S of Merizo Village, Guam,7.5,3,0.054,33,reviewed,us,us
2019-07-16T00:18:36.961Z,2019-07-16,-8.8208,114.487,80,5.7,mww,,19,0.48,1.42,us,us70004l29,2020-07-10T17:45:51.838Z,35km SSE of Kendalrejo, Indonesia,7.3,1.8,0.056,31,reviewed,us,us
2019-07-15T08:21:34.171Z,2019-07-15,-5.9707,149.4881,42,6.3,mww,,20,3.198,0.88,us,us70004kfs,2020-07-10T17:45:36.711Z,28km NNW of Kandrian, Papua New Guinea,8.2,1.9,0.038,67,reviewed,us,us
2019-07-14T10:26:58.098Z,2019-07-14,-0.4773,127.8482,10,5.8,mww,,62,1.33,0.84,us,us70004k03,2020-07-10T17:45:21.238Z,98km NNE of Laiwui, Indonesia,6.6,1.8,0.083,14,reviewed,us,us
2019-07-14T09:43:46.015Z,2019-07-14,-0.8042,127.7214,10,5.8,mww,,44,1.605,0.74,us,us70004jzf,2020-07-10T17:45:09.639Z,60km N of Laiwui, Indonesia,6.9,1.8,0.089,12,reviewed,us,us
2019-07-14T09:10:51.523Z,2019-07-14,-0.5858,128.034,18.98,7.2,mww,,38,1.504,0.88,us,us70004jyv,2020-07-30T13:31:26.346Z,93km NNE of Laiwui, Indonesia,7.3,3.4,0.049,40,reviewed,us,us
2019-07-14T05:39:23.420Z,2019-07-14,-18.2242,120.3584,10,6.6,mww,,32,2.978,0.7,us,us70004jxe,2020-07-10T17:44:37.654Z,200km W of Broome, Australia,6.5,1.5,0.029,116,reviewed,us,us
2019-07-13T07:59:33.557Z,2019-07-13,-49.5587,-116.7328,10,5.7,mww,,102,23.062,0.66,us,us70004ji2,2019-09-28T20:01:18.040Z,Southern East Pacific Rise,,12.3,1.8,0.06,27,reviewed,us,us
2019-07-13T00:57:44.339Z,2019-07-13,29.3533,128.1534,251,6.1,mww,,11,2.51,1.19,us,us70004jea,2019-09-28T20:01:16.040Z,169km NW of Naze, Japan,6.3,1.8,0.033,86,reviewed,us,us
2019-07-12T20:42:55.276Z,2019-07-12,9.3281,126.043,14.29,5.8,mww,,21,2.29,1.07,us,us70004j9u,2020-07-10T17:44:24.904Z,7km E of Cantilan, Philippines,4.8,3.3,0.066,22,reviewed,us,us
2019-07-11T17:08:37.977Z,2019-07-11,-4.6408,155.2241,495.17,6,mww,,26,3.084,0.7,us,us70004icj,2019-09-28T20:01:12.040Z,177km N of Arawa, Papua New Guinea,2.7,3.6,0.045,48,reviewed,us,us
2019-07-10T19:00:52.764Z,2019-07-10,-56.7747,-141.5049,10,5.5,mww,,80,27.365,0.82,us,us70004h4f,2019-09-28T20:01:08.040Z,Pacific-Antarctic Ridge,,13.8,1.8,0.08,15,reviewed,us,us
2019-07-09T18:43:43.426Z,2019-07-09,52.8989,-167.4826,33.13,5.5,mww,,47,0.574,1.27,us,us70004g4b,2020-07-08T18:53:48.757Z,93km E of Nikolski, Alaska,4.3,3,0.039,62,reviewed,us,us
2019-07-09T12:36:58.915Z,2019-07-09,6.8138,125.1193,10,5.6,mww,,39,0.522,0.92,us,us70004fsk,2020-07-10T17:44:01.965Z,8km NW of Magsaysay, Philippines,7,1.8,0.043,52,reviewed,us,us
2019-07-09T11:33:31.642Z,2019-07-09,47.4425,144.9818,436,5.5,mww,,37,1.59,0.78,us,us70004fqv,2019-09-28T20:01:02.040Z,165km E of Dolinsk, Russia,9.1,1.9,0.059,28,reviewed,us,us
2019-07-08T18:52:33.279Z,2019-07-08,0.504,126.3042,28,5.9,mww,,43,1.095,0.77,us,us70004f0h,2019-09-26T14:31:01.040Z,122km WSW of Kota Ternate, Indonesia,6,1.8,0.047,43,reviewed,us,us
2019-07-08T07:00:32.441Z,2019-07-08,31.7564,49.5611,19,5.6,mww,,36,2.03,0.69,us,us70004ejm,2020-07-10T17:43:51.391Z,31km SE of Masjed Soleyman, Iran,6.7,1.8,0.098,10,reviewed,us,us
2019-07-08T06:20:10.179Z,2019-07-08,0.449,126.2508,10,5.6,mww,,26,1.16,0.73,us,us70004eiy,2019-09-26T14:30:58.040Z,129km WSW of Kota Ternate, Indonesia,7.1,1.7,0.069,20,reviewed,us,us
2019-07-07T15:08:40.525Z,2019-07-07,0.5126,126.1892,35,6.9,mww,,21,1.205,0.8,us,us70004dz3,2019-09-26T14:30:53.040Z,134km WSW of Kota Ternate, Indonesia,6.2,1.9,0.043,51,reviewed,us,us
2019-07-06T11:08:16.588Z,2019-07-06,-20.9572,169.8683,99.66,5.6,mww,,31,3.376,0.92,us,us70004cgb,2019-09-26T14:30:41.040Z,167km SSE of Isangel, Vanuatu,8.2,4.8,0.047,44,reviewed,us,us
2019-07-06T09:44:28.786Z,2019-07-06,-6.271,154.7377,37.84,5.7,mww,,14,3.292,1.02,us,us70004cat,2019-09-26T14:30:39.040Z,82km W of Panguna, Papua New Guinea,7.8,4.2,0.065,23,reviewed,us,us
2019-07-06T03:47:53.420Z,2019-07-06,35.9011667,-117.7495,5.04,5.5,mw,49,33,0.07334,0.16,ci,ci38457687,2020-07-09T21:44:24.632Z,15km ESE of Little Lake, CA,0.13,0.5,,4,reviewed,ci,ci
2019-07-06T03:19:53.040Z,2019-07-06,35.7695,-117.5993333,8,7.1,mw,77,43,0.04616,0.22,ci,ci38457511,2020-09-27T22:11:41.562Z,2019 Ridgecrest Earthquake Sequence,,0.19,31.61,,0,reviewed,ci,ci
2019-07-05T12:58:27.988Z,2019-07-05,51.3441,-130.5744,9,5.6,mww,,69,1.026,0.72,us,us70004b08,2019-09-26T14:30:20.040Z,192km WSW of Bella Bella, Canada,5.6,1.8,0.042,55,reviewed,us,us
2019-07-04T17:33:49.000Z,2019-07-04,35.7053333,-117.5038333,10.5,6.4,mw,62,47,0.1233,0.16,ci,ci38443183,2020-09-19T06:55:04.772Z,Ridgecrest Earthquake Sequence,,0.15,0.36,,6,reviewed,ci,ci
2019-07-04T04:30:44.424Z,2019-07-04,51.2369,-130.5005,10,6.2,mww,,70,1.143,1.01,us,us700049sf,2019-09-26T14:30:08.040Z,194km WSW of Bella Bella, Canada,6.6,1.8,0.026,143,reviewed,us,us
2019-07-03T03:45:29.382Z,2019-07-03,-22.1361,-179.5146,596.14,5.8,mww,,33,4.931,0.94,us,us7000492b,2019-09-26T14:30:03.040Z,184km SSW of Ndoi Island, Fiji,9.2,3.2,0.057,30,reviewed,us,us
2019-07-02T19:51:46.481Z,2019-07-02,-43.6798,123.9065,10,5.6,mww,,41,11.939,0.84,us,us700048vu,2019-09-26T14:30:02.040Z,South of Australia,,9.6,1.7,0.069,20,reviewed,us,us
2019-07-02T09:44:33.248Z,2019-07-02,-1.5188,67.6058,10,5.8,mww,,46,5.747,0.97,us,us700048k3,2019-09-26T14:30:01.040Z,Carlsberg Ridge,,8.6,1.8,0.045,47,reviewed,us,us
2019-07-02T08:00:13.857Z,2019-07-02,-11.4972,166.4085,43,5.7,mww,,69,6.675,0.73,us,us700048j0,2019-09-26T14:30:01.040Z,106km SE of Lata, Solomon Islands,8,1.9,0.071,19,reviewed,us,us
2019-07-01T17:13:28.400Z,2019-07-01,-15.4403,167.531,91,6,mww,,53,6.675,1.11,us,us70004840,2019-09-14T16:08:27.040Z,40km ENE of Luganville, Vanuatu,8.6,1.9,0.048,41,reviewed,us,us
2019-07-01T16:59:25.333Z,2019-07-01,9.1702,124.1922,533,5.9,mww,,24,2.498,1.13,us,us7000483i,2019-09-14T16:08:27.040Z,47km SSE of Lila, Philippines,9.3,2,0.04,59,reviewed,us,us
2019-06-29T19:51:20.829Z,2019-06-29,-1.7146,-13.0102,10,5.5,mww,,42,6.321,0.58,us,us700047g7,2019-09-14T16:08:20.040Z,North of Ascension Island,,9.6,1.8,0.058,29,reviewed,us,us
2019-06-28T18:14:25.625Z,2019-06-28,-12.5616,166.0824,10,5.5,mww,,46,6.775,0.87,us,us700046ut,2019-09-14T16:08:17.040Z,205km S of Lata, Solomon Islands,8.7,1.8,0.068,21,reviewed,us,us
2019-06-28T15:51:31.302Z,2019-06-28,19.8515,144.3477,410,6.4,mww,,26,4.787,1.16,us,us700046la,2020-06-27T16:01:45.618Z,95km SW of Farallon de Pajaros, Northern Mariana Islands,7.9,1.9,0.043,53,reviewed,us,us
2019-06-27T11:04:56.341Z,2019-06-27,-30.3961,-179.182,10,6.3,mww,,43,1.581,1.15,us,us700045vh,2019-09-14T16:08:13.040Z,118km NNW of L'Esperance Rock, New Zealand,7.8,1.7,0.063,24,reviewed,us,us
2019-06-27T04:20:48.119Z,2019-06-27,56.2187,164.3027,10,5.7,mww,,44,4.586,0.61,us,us700045r4,2019-09-14T16:08:12.040Z,113km E of Ust'-Kamchatsk Staryy, Russia,7,1.8,0.039,62,reviewed,us,us
2019-06-26T05:23:51.514Z,2019-06-26,8.4612,-82.754,32.58,6.2,mww,,42,0.337,1.12,us,us7000455l,2020-07-10T17:43:03.207Z,5km ESE of Aserrio de Gariche, Panama,6.1,4,0.031,100,reviewed,us,us
2019-06-26T03:18:15.575Z,2019-06-26,-9.5167,157.7534,17.8,5.6,mww,,30,2.165,0.7,us,us7000453l,2019-09-14T16:08:09.040Z,185km SSE of Gizo, Solomon Islands,4.1,3.7,0.06,27,reviewed,us,us
2019-06-26T02:18:07.841Z,2019-06-26,56.1821,164.0881,10,6.3,mww,,15,4.473,0.89,us,us7000451w,2020-07-10T17:42:35.738Z,100km E of Ust'-Kamchatsk Staryy, Russia,7.2,1.7,0.036,74,reviewed,us,us
2019-06-25T09:05:40.478Z,2019-06-25,56.202,164.2327,10,6.4,mww,,55,4.546,0.57,us,us600045mz,2020-07-10T17:31:24.456Z,108km E of Ust'-Kamchatsk Staryy, Russia,6.7,1.8,0.033,90,reviewed,us,us
2019-06-25T06:01:51.009Z,2019-06-25,-47.8719,99.4532,10,5.9,mww,,48,19.355,0.9,us,us600045lr,2019-09-14T16:08:06.040Z,Southeast Indian Ridge,,11.1,1.7,0.069,20,reviewed,us,us
2019-06-24T19:21:36.147Z,2019-06-24,-57.9887,-25.3922,26,5.5,mww,,31,16.271,0.75,us,us600045dg,2019-09-11T15:19:44.040Z,133km NNE of Bristol Island, South Sandwich Islands,10.1,1.8,0.073,18,reviewed,us,us
2019-06-24T17:35:13.641Z,2019-06-24,-2.7418,138.4321,10,5.5,mww,,23,2.281,1.14,us,us600045bc,2020-07-10T17:31:12.139Z,239km W of Abepura, Indonesia,6.5,1.7,0.061,26,reviewed,us,us
2019-06-24T16:54:12.036Z,2019-06-24,-2.6549,138.4072,20,5.5,mww,,37,2.299,0.69,us,us700049fa,2020-07-10T17:43:18.078Z,242km W of Abepura, Indonesia,8.1,5.4,0.075,17,reviewed,us,us
2019-06-24T16:53:19.971Z,2019-06-24,-2.6836,138.4384,10,5.7,mb,,37,2.269,0.79,us,us600045am,2020-07-10T17:30:59.400Z,238km W of Abepura, Indonesia,7.2,1.9,0.037,257,reviewed,us,us
2019-06-24T11:34:08.913Z,2019-06-24,-30.763,-177.3528,10,5.9,mww,,59,1.593,0.89,us,us6000456p,2019-09-11T15:19:41.040Z,165km ENE of L'Esperance Rock, New Zealand,8.5,1.8,0.053,34,reviewed,us,us
2019-06-24T04:47:08.607Z,2019-06-24,-2.6194,138.5377,22.24,5.6,mb,,22,2.167,0.9,us,us6000453g,2020-07-10T17:30:45.406Z,227km W of Abepura, Indonesia,7.3,1.3,0.032,338,reviewed,us,us
2019-06-24T02:53:39.830Z,2019-06-24,-6.4078,129.1692,212,7.3,mww,,16,2.629,1.08,us,us600044zz,2020-07-10T17:30:11.502Z,292km NW of Saumlaki, Indonesia,5.1,1.8,0.045,48,reviewed,us,us
2019-06-24T01:05:29.464Z,2019-06-24,-2.7756,138.5675,28,6.1,mww,,19,2.15,1.1,us,us600044z4,2020-07-10T17:29:59.301Z,224km W of Abepura, Indonesia,6.8,1.8,0.048,41,reviewed,us,us
2019-06-23T03:53:02.890Z,2019-06-23,40.2735,-124.3003333,9.44,5.58,mw,34,159,0.03116,0.17,nc,nc73201181,2020-07-10T14:25:30.367Z,6km SSW of Petrolia, CA,0.34,0.21,,6,reviewed,nc,nc
2019-06-22T22:31:34.880Z,2019-06-22,14.3896,-92.9597,17,5.6,mww,,86,0.846,0.97,us,us600044qf,2019-09-11T15:19:33.040Z,68km WSW of Puerto Madero, Mexico,5.1,1.8,0.038,68,reviewed,us,us
2019-06-21T08:37:16.948Z,2019-06-21,-30.8591,-177.4681,14,6.2,mww,,29,1.657,0.74,us,us6000444m,2019-09-11T15:19:24.040Z,150km ENE of L'Esperance Rock, New Zealand,8.7,1.8,0.038,67,reviewed,us,us
2019-06-20T07:32:57.857Z,2019-06-20,-17.6654,-173.7164,47.69,5.5,mww,,43,3.862,0.66,us,us600043jp,2019-09-11T15:19:19.040Z,112km NNE of Neiafu, Tonga,8.1,5.1,0.061,26,reviewed,us,us
2019-06-19T23:14:59.879Z,2019-06-19,-12.6558,166.2638,10,5.7,mww,,46,2.92,0.9,us,us600043e4,2019-09-11T15:19:16.040Z,194km NW of Sola, Vanuatu,7.7,1.7,0.046,45,reviewed,us,us
2019-06-19T17:24:48.803Z,2019-06-19,-2.2656,138.461,10,6.3,mww,,58,2.255,0.88,us,us6000434e,2020-07-10T17:29:19.871Z,239km W of Abepura, Indonesia,6.7,1.8,0.061,26,reviewed,us,us
2019-06-19T07:01:45.433Z,2019-06-19,-30.5243,-177.8482,30,6.4,mww,,45,1.276,1.34,us,us600042vn,2019-09-11T15:19:12.040Z,139km S of Raoul Island, New Zealand,7.6,1.8,0.055,32,reviewed,us,us
2019-06-18T17:21:48.030Z,2019-06-18,-31.2175,-177.6362,10,5.5,mww,,40,1.982,1.1,us,us600042kv,2019-09-11T15:19:08.040Z,122km E of L'Esperance Rock, New Zealand,10.3,1.8,0.058,29,reviewed,us,us
2019-06-18T16:05:17.442Z,2019-06-18,-31.0214,-177.5541,15,5.9,mww,,47,1.8,1,us,us600042jc,2019-09-11T15:19:08.040Z,136km ENE of L'Esperance Rock, New Zealand,8.5,1.5,0.043,52,reviewed,us,us
2019-06-18T13:22:19.010Z,2019-06-18,38.6391,139.4769,12,6.4,mww,,33,1.288,0.87,us,us600042fx,2020-07-10T17:28:53.969Z,31km WSW of Tsuruoka, Japan,5.5,1.8,0.048,42,reviewed,us,us
2019-06-18T05:14:46.074Z,2019-06-18,-25.4599,178.2129,579,5.5,mww,,28,5.097,0.89,us,us60004294,2019-09-11T15:19:05.040Z,South of the Fiji Islands,,9.6,4.9,0.066,22,reviewed,us,us
2019-06-17T16:53:05.000Z,2019-06-17,-30.7942,-177.5259,22.42,5.5,mww,,57,1.583,0.71,us,us600041tf,2019-09-06T14:25:18.040Z,148km ENE of L'Esperance Rock, New Zealand,11,5.2,0.053,34,reviewed,us,us
2019-06-17T14:55:44.876Z,2019-06-17,28.4056,104.9333,6,5.8,mww,,18,4.396,0.61,us,us600041ry,2020-07-10T17:28:42.753Z,19km S of Changning, China,7.1,1.8,0.06,27,reviewed,us,us
2019-06-17T13:47:48.112Z,2019-06-17,-65.6071,-176.7023,10,5.8,mww,,108,13.251,0.61,us,us600041rk,2019-09-06T14:25:17.040Z,250km NE of Scott Island Bank, Antarctica,12.7,1.9,0.052,35,reviewed,us,us
2019-06-17T06:02:04.099Z,2019-06-17,-30.8389,-177.481,12,6.1,mww,,49,1.635,0.85,us,us600041lv,2019-09-06T14:25:16.040Z,150km ENE of L'Esperance Rock, New Zealand,9.7,1.7,0.036,74,reviewed,us,us
2019-06-16T20:58:22.126Z,2019-06-16,-31.6591,-177.7962,10,5.6,mww,,71,2.409,1.22,us,us600041gb,2019-09-06T14:25:15.040Z,107km ESE of L'Esperance Rock, New Zealand,6.2,1.8,0.048,41,reviewed,us,us
2019-06-16T05:17:14.868Z,2019-06-16,-31.0004,-178.0819,21,6.3,mww,,35,1.754,0.91,us,us600041b3,2019-09-06T14:25:12.040Z,91km ENE of L'Esperance Rock, New Zealand,9.9,1.8,0.047,43,reviewed,us,us
2019-06-16T03:02:39.251Z,2019-06-16,-30.6438,-178.0393,35,5.5,mb,,35,1.397,0.68,us,us600041a4,2019-09-06T14:25:12.040Z,120km NE of L'Esperance Rock, New Zealand,7.8,1.9,0.033,327,reviewed,us,us
2019-06-15T22:55:04.130Z,2019-06-15,-30.6441,-178.0995,46,7.3,mww,,11,1.402,0.81,us,us6000417i,2019-09-06T14:25:11.040Z,116km NE of L'Esperance Rock, New Zealand,9.1,1.8,0.029,113,reviewed,us,us
2019-06-15T21:56:10.835Z,2019-06-15,-21.1807,-174.169,13,6.1,mww,,21,7.582,0.89,us,us60004177,2019-09-06T14:25:11.040Z,82km ENE of `Ohonua, Tonga,8.4,1.7,0.052,36,reviewed,us,us
2019-06-14T20:10:52.241Z,2019-06-14,-5.8431,130.725,105,5.7,mww,,16,2.2,0.8,us,us600040xy,2019-09-06T14:25:06.040Z,225km W of Tual, Indonesia,6,1.9,0.043,51,reviewed,us,us
2019-06-14T00:19:12.401Z,2019-06-14,-30.0557,-72.0819,11,6.4,mww,,30,0.727,0.87,us,us600040ja,2019-09-06T14:25:03.040Z,72km W of Coquimbo, Chile,4.1,1.6,0.035,80,reviewed,us,us
2019-06-13T03:00:31.301Z,2019-06-13,-35.7304,-17.1932,10,5.7,mww,,51,4.155,0.95,us,us6000408i,2019-09-06T14:25:01.040Z,Southern Mid-Atlantic Ridge,,5.1,1.7,0.048,42,reviewed,us,us
2019-06-10T16:59:18.526Z,2019-06-10,-6.5763,131.8558,61,5.5,mww,,33,1.502,0.82,us,us70003xr9,2019-08-27T17:48:08.040Z,141km SW of Tual, Indonesia,7,1.9,0.075,17,reviewed,us,us
2019-06-08T14:19:03.677Z,2019-06-08,-25.21,-177.1737,109.34,5.5,mww,,90,4.075,1.21,us,us70003x7u,2019-08-27T17:47:54.040Z,South of the Fiji Islands,,6.4,4.3,0.055,32,reviewed,us,us
2019-06-05T20:41:49.574Z,2019-06-05,6.4759,124.1678,470.06,5.5,mww,,23,1.52,0.91,us,us70003w0p,2019-08-27T17:47:36.040Z,8km ENE of Kulaman, Philippines,9,3.9,0.053,34,reviewed,us,us
2019-06-04T09:46:18.374Z,2019-06-04,22.9032,121.6864,10,5.5,mww,,14,0.565,0.98,us,us70003v7s,2020-07-10T17:42:22.414Z,57km ENE of Taitung City, Taiwan,5.6,1.7,0.05,38,reviewed,us,us
2019-06-04T04:39:16.961Z,2019-06-04,29.0665,139.289,422,6.4,mww,,21,3.224,0.85,us,us70003v3j,2019-08-27T17:47:26.040Z,Izu Islands, Japan region,8.4,1.9,0.036,75,reviewed,us,us
2019-06-03T05:57:09.503Z,2019-06-03,0.378,97.7223,19,5.8,mww,,27,0.931,0.81,us,us70003um7,2020-07-10T17:42:11.386Z,191km SW of Sibolga, Indonesia,6.9,1.7,0.052,35,reviewed,us,us
2019-06-02T10:36:29.673Z,2019-06-02,-21.2068,-173.9096,10,6,mww,,66,4.3,0.69,us,us70003ud5,2019-08-24T21:17:48.040Z,108km E of `Ohonua, Tonga,8.9,1.8,0.048,41,reviewed,us,us
2019-05-31T11:57:24.661Z,2019-05-31,18.7604,-107.1447,10,5.8,mww,,68,3.361,0.72,us,us70003tn5,2019-08-24T21:17:39.040Z,237km WSW of Tomatlan, Mexico,8.2,1.8,0.034,84,reviewed,us,us
2019-05-31T10:12:32.876Z,2019-05-31,6.2795,126.479,98.72,6.1,mww,,26,1.189,0.74,us,us70003tl7,2019-08-24T21:17:39.040Z,34km ESE of Pondaguitan, Philippines,6.2,4.6,0.048,41,reviewed,us,us
2019-05-30T15:38:01.451Z,2019-05-30,-21.7541,-176.3171,177.85,6,mww,,25,6.557,0.82,us,us70003t7v,2019-08-24T21:17:37.040Z,131km WSW of Vaini, Tonga,9.5,3.5,0.046,46,reviewed,us,us
2019-05-30T09:03:32.337Z,2019-05-30,13.1994,-89.3056,57.92,6.6,mww,,22,1.193,0.83,us,us70003t2n,2020-07-10T17:41:36.265Z,32km S of La Libertad, El Salvador,1.7,5.5,0.073,18,reviewed,us,us
2019-05-27T23:29:32.371Z,2019-05-27,-56.3368,-27.7782,115.32,5.7,mww,,21,5.383,0.84,us,us60003sv9,2019-08-13T14:30:43.040Z,53km NW of Visokoi Island, South Georgia and the South Sandwich Islands,8.6,3,0.056,31,reviewed,us,us
2019-05-27T09:52:21.782Z,2019-05-27,58.8565,-152.3581,64,5.8,ml,,,,0.9,ak,ak0196r9o3rq,2020-05-26T10:02:36.186Z,97km SSW of Homer, Alaska,,0.3,,,reviewed,ak,ak
2019-05-27T09:25:19.033Z,2019-05-27,-8.174,158.6247,102,5.5,mww,,19,1.813,1.02,us,us60003snl,2019-08-13T14:30:42.040Z,47km WSW of Dadali, Solomon Islands,8.6,1.9,0.065,23,reviewed,us,us
2019-05-26T07:41:15.073Z,2019-05-26,-5.8119,-75.2697,122.57,8,mww,,17,3.18,0.84,us,us60003sc0,2020-07-08T13:07:31.238Z,78km SE of Lagunas, Peru,7,4,0.036,75,reviewed,us,us
2019-05-25T10:31:10.827Z,2019-05-25,-18.9971,169.0424,145,5.7,mww,,39,3.78,0.64,us,us60003s2g,2019-08-13T14:30:36.040Z,65km NNW of Isangel, Vanuatu,8.4,1.9,0.042,55,reviewed,us,us
2019-05-23T15:02:18.599Z,2019-05-23,-21.6535,169.7938,19,5.7,mww,,28,2.376,1,us,us60003r7u,2019-08-13T14:30:32.040Z,198km E of Tadine, New Caledonia,7.6,1.7,0.049,40,reviewed,us,us
2019-05-23T08:45:17.746Z,2019-05-23,51.3078,-178.2387,30,6,mww,,53,0.436,1.05,us,us60003r2r,2019-08-13T14:30:31.040Z,60km E of Amatignak Island, Alaska,5.2,1.8,0.021,217,reviewed,us,us
2019-05-22T00:39:34.963Z,2019-05-22,13.8921,92.9916,29,5.6,mww,,21,7.195,1.05,us,us60003qg7,2019-08-13T14:30:28.040Z,244km N of Bamboo Flat, India,7.3,1.8,0.048,41,reviewed,us,us
2019-05-20T11:18:33.131Z,2019-05-20,-31.4782,-70.0028,108,5.5,mww,,28,0.867,1.1,us,us70003nha,2019-08-07T22:03:55.040Z,58km WSW of Calingasta, Argentina,5.8,1.8,0.068,21,reviewed,us,us
2019-05-19T14:56:50.691Z,2019-05-19,-21.6074,169.4692,20,6.3,mww,,75,2.125,1.07,us,us70003n96,2019-08-07T22:03:52.040Z,164km E of Tadine, New Caledonia,8.2,1.9,0.049,40,reviewed,us,us
2019-05-19T14:27:11.826Z,2019-05-19,-21.7313,169.5758,16,6,mww,,53,2.159,1.03,us,us70003n8z,2019-08-07T22:03:52.040Z,176km E of Tadine, New Caledonia,6.7,1.8,0.052,35,reviewed,us,us
2019-05-19T01:23:29.151Z,2019-05-19,-21.6619,169.7779,20,6.3,mww,,18,2.359,1.18,us,us70003n4z,2019-08-07T22:03:50.040Z,196km E of Tadine, New Caledonia,7.9,1.8,0.042,54,reviewed,us,us
2019-05-18T01:51:29.831Z,2019-05-18,-9.5083,108.5971,8,5.6,mww,,33,2.477,1.19,us,us70003mw2,2019-08-07T22:03:46.040Z,188km S of Sindangsari, Indonesia,6.7,1.7,0.06,27,reviewed,us,us
2019-05-17T22:37:47.788Z,2019-05-17,-4.5834,153.0098,21,5.9,mww,,19,0.929,0.64,us,us70003mus,2020-07-10T17:41:23.299Z,13km S of Taron, Papua New Guinea,6.7,1.8,0.06,27,reviewed,us,us
2019-05-16T22:52:43.961Z,2019-05-16,-4.5846,-105.7328,10,5.9,mww,,72,15.91,0.75,us,us70003mbq,2019-08-07T22:03:43.040Z,Central East Pacific Rise,,12.4,1.8,0.052,36,reviewed,us,us
2019-05-16T16:22:17.474Z,2019-05-16,12.6436,-87.8168,71.96,5.9,mww,,42,1.501,1.35,us,us70003m2q,2020-07-10T17:40:58.519Z,41km WSW of Jiquilillo, Nicaragua,7.9,4.4,0.039,63,reviewed,us,us
2019-05-16T01:23:58.718Z,2019-05-16,-5.2554,152.6305,21,5.7,mww,,25,1.155,0.82,us,us70003ly5,2019-08-07T22:03:40.040Z,97km SSW of Taron, Papua New Guinea,6.7,1.8,0.069,20,reviewed,us,us
2019-05-15T05:24:31.606Z,2019-05-15,29.7216,130.7116,29,5.7,mww,,38,3.395,1.3,us,us70003ld5,2019-08-07T22:03:37.040Z,115km SSW of Nishinoomote, Japan,6.4,1.8,0.055,32,reviewed,us,us
2019-05-15T00:33:45.948Z,2019-05-15,-3.2352,148.9957,10,5.5,mww,,81,2.012,0.72,us,us70003lam,2019-08-07T22:03:36.040Z,213km WSW of Kavieng, Papua New Guinea,7.9,1.8,0.155,4,reviewed,us,us
2019-05-14T12:58:25.939Z,2019-05-14,-4.051,152.5967,10,7.6,mww,,16,0.453,1,us,us70003kyy,2020-07-07T22:53:37.609Z,46km SSE of Namatanai, Papua New Guinea,3.8,1.6,0.046,45,reviewed,us,us
2019-05-12T19:24:50.373Z,2019-05-12,8.625,-82.8298,19,6,mww,,53,0.218,1.09,us,us70003k3p,2020-07-10T17:40:42.885Z,10km N of Canoas, Costa Rica,5,1.7,0.036,75,reviewed,us,us
2019-05-11T16:06:16.459Z,2019-05-11,-34.6032,179.7741,86,5.5,mww,,69,16.861,0.88,us,us70003jtm,2019-08-01T17:15:11.040Z,South of the Kermadec Islands,,13.2,1.9,0.06,27,reviewed,us,us
2019-05-10T08:44:53.554Z,2019-05-10,-19.74,169.1328,105,5.8,mww,,45,3.263,0.69,us,us70003j7l,2019-08-01T17:15:08.040Z,25km SSW of Isangel, Vanuatu,7.1,1.9,0.043,52,reviewed,us,us
2019-05-10T03:23:33.007Z,2019-05-10,-28.6675,-176.7791,10,5.7,mww,,76,11.107,1.03,us,us70003j5p,2019-08-01T17:15:08.040Z,127km ENE of Raoul Island, New Zealand,10,1.8,0.06,27,reviewed,us,us
2019-05-09T23:48:42.779Z,2019-05-09,31.7772,131.8483,22,6.2,mww,,17,1.575,0.67,us,us70003j46,2020-07-07T22:53:25.325Z,42km ESE of Miyazaki-shi, Japan,5,1.8,0.055,32,reviewed,us,us
2019-05-09T22:43:23.033Z,2019-05-09,31.8013,131.8869,22,5.6,mww,,24,1.572,0.73,us,us70003j3g,2019-08-01T17:15:08.040Z,45km ESE of Miyazaki-shi, Japan,6.1,1.8,0.057,30,reviewed,us,us
2019-05-08T13:47:19.701Z,2019-05-08,-15.7761,-75.0959,15.34,5.7,mww,,131,4.13,0.73,us,us70003ib5,2019-08-01T17:15:04.040Z,62km S of Minas de Marcona, Peru,6.6,3,0.048,42,reviewed,us,us
2019-05-06T21:19:37.983Z,2019-05-06,-6.9746,146.4494,146,7.1,mww,,16,2.514,1.02,us,us70003hqb,2020-07-10T17:40:18.038Z,33km NW of Bulolo, Papua New Guinea,6.6,1.6,0.032,93,reviewed,us,us
2019-05-06T02:48:42.702Z,2019-05-06,18.7345,120.8764,35,5.5,mww,,46,4.067,1.02,us,us70003h71,2019-07-25T18:54:23.040Z,21km NNE of Pagudpud, Philippines,6.8,1.9,0.045,48,reviewed,us,us
2019-05-04T21:02:10.594Z,2019-05-04,1.9846,123.6614,327,5.7,mww,,29,3.006,1.14,us,us70003gse,2019-07-25T18:54:17.040Z,122km N of Pimpi, Indonesia,7.3,1.8,0.041,57,reviewed,us,us
2019-05-04T01:05:09.527Z,2019-05-04,12.3713,120.9321,10,5.7,mww,,88,1.72,1.39,us,us70003gig,2020-07-10T17:40:06.115Z,8km SW of San Agustin, Philippines,6.4,1.7,0.041,56,reviewed,us,us
2019-05-04T00:07:47.061Z,2019-05-04,-24.4878,-115.8471,10,5.5,mww,,64,39.73,0.69,us,us70003ghv,2019-07-25T18:54:14.040Z,Southern East Pacific Rise,,12.3,1.8,0.052,35,reviewed,us,us
2019-05-03T07:25:31.787Z,2019-05-03,-6.9478,160.1125,27,6.2,mww,,35,2.48,0.66,us,us70003g5a,2019-07-25T18:54:11.040Z,144km NNE of Buala, Solomon Islands,8.1,1.8,0.044,50,reviewed,us,us
2019-04-29T14:19:52.499Z,2019-04-29,10.8649,57.2283,10,6.3,mww,,47,12.379,1.1,us,us70003e0j,2019-07-13T18:42:52.040Z,Carlsberg Ridge,,8.3,1.8,0.059,28,reviewed,us,us
2019-04-29T02:48:51.506Z,2019-04-29,43.1785,-29.1231,10,5.5,mww,,28,6.064,0.78,us,us70003dpt,2019-07-13T18:42:50.040Z,Northern Mid-Atlantic Ridge,,9.3,1.8,0.044,49,reviewed,us,us
2019-04-26T06:22:34.325Z,2019-04-26,-25.8994,-71.0166,29,5.5,mww,,97,0.45,1.04,us,us70003cb3,2019-07-13T18:42:40.040Z,76km SW of Taltal, Chile,4.5,1.8,0.052,36,reviewed,us,us
2019-04-23T20:15:50.777Z,2019-04-23,28.4073,94.5605,14,5.9,mww,,20,3.271,0.85,us,us70003axc,2020-07-10T17:39:52.331Z,33km NW of Along, India,7,1.8,0.062,25,reviewed,us,us
2019-04-23T14:20:17.830Z,2019-04-23,-24.7059,-178.7639,385.58,6,mww,,34,7.535,0.97,us,us70003an0,2019-07-13T18:42:35.040Z,South of the Fiji Islands,,7.4,3.7,0.049,40,reviewed,us,us
2019-04-23T05:37:53.147Z,2019-04-23,11.7547,125.2013,56,6.4,mww,,15,4.67,1.07,us,us70003aj3,2020-07-10T17:39:35.620Z,17km ESE of Tutubigan, Philippines,7,1.9,0.042,54,reviewed,us,us
2019-04-22T21:44:41.970Z,2019-04-22,50.2225,-130.1725,10,5.5,mww,,81,1.369,0.84,us,us70003afb,2019-06-26T20:55:16.040Z,202km WSW of Port Hardy, Canada,5,1.8,0.028,127,reviewed,us,us
2019-04-22T14:49:05.341Z,2019-04-22,-56.2633,-27.3509,79,6,mww,,30,5.587,0.74,us,us70003a91,2019-06-26T20:55:14.040Z,49km N of Visokoi Island, South Georgia and the South Sandwich Islands,9.5,1.9,0.053,34,reviewed,us,us
2019-04-22T09:11:12.013Z,2019-04-22,14.9538,120.5149,21.84,6.1,mww,,20,0.94,1.01,us,us70003a63,2020-10-17T16:39:34.237Z,3km SSW of Floridablanca, Philippines,6.3,3.7,0.035,77,reviewed,us,us
2019-04-18T14:46:01.733Z,2019-04-18,-51.127,139.321,10,6.3,mww,,44,9.863,1.39,us,us700038m1,2019-06-26T20:54:51.040Z,Western Indian-Antarctic Ridge,,10.1,1.8,0.049,40,reviewed,us,us
2019-04-18T05:01:06.493Z,2019-04-18,24.0374,121.6501,20,6.1,mww,,23,0.144,1.15,us,us700038c1,2020-07-10T17:38:53.068Z,8km NE of Hualian, Taiwan,7,1.8,0.051,37,reviewed,us,us
2019-04-18T04:06:34.948Z,2019-04-18,-29.3648,-71.5891,54,5.6,mww,,37,0.63,0.77,us,us700038b8,2020-07-10T17:38:42.520Z,68km NNW of La Serena, Chile,5.3,1.9,0.066,22,reviewed,us,us
2019-04-16T09:39:37.735Z,2019-04-16,-31.0427,-178.7994,10,5.7,mww,,58,6.929,0.83,us,us700036yw,2019-06-26T20:54:42.040Z,44km NNE of L'Esperance Rock, New Zealand,10.1,1.8,0.053,34,reviewed,us,us
2019-04-16T09:22:32.296Z,2019-04-16,-31.1716,-179.0685,10,5.7,mww,,71,6.733,0.97,us,us700036yi,2019-06-26T20:54:42.040Z,33km NNW of L'Esperance Rock, New Zealand,7.3,1.6,0.056,31,reviewed,us,us
2019-04-16T07:30:38.353Z,2019-04-16,-35.2966,-15.486,10,5.7,mww,,27,3.115,0.61,us,us700036we,2019-06-26T20:54:42.040Z,Tristan da Cunha region,,9.7,1.8,0.058,29,reviewed,us,us
2019-04-12T14:51:31.603Z,2019-04-12,-6.4883,148.7394,30,6,mww,,17,3.293,0.97,us,us700034zz,2019-06-20T19:03:25.040Z,94km WSW of Kandrian, Papua New Guinea,6.5,1.6,0.073,18,reviewed,us,us
2019-04-12T12:23:04.870Z,2019-04-12,-15.4067,-172.8171,15.36,6,mww,,29,1.796,0.9,us,us700034ya,2019-06-20T19:03:24.040Z,116km ENE of Hihifo, Tonga,8.6,3.5,0.08,15,reviewed,us,us
2019-04-12T11:45:36.591Z,2019-04-12,-1.8614,122.6143,10,5.7,mb,,48,0.829,0.78,us,us700038kq,2020-07-10T17:39:05.917Z,102km S of Luwuk, Indonesia,5.8,1.8,0.05,142,reviewed,us,us
2019-04-12T11:40:49.363Z,2019-04-12,-1.8146,122.5798,15.46,6.8,mww,,28,0.791,1.16,us,us700034xq,2020-07-10T17:38:26.662Z,98km SSW of Luwuk, Indonesia,2,2.8,0.056,31,reviewed,us,us
2019-04-11T21:31:49.967Z,2019-04-11,-6.4916,148.635,20.46,5.6,mww,,20,3.242,0.83,us,us700034nf,2019-06-20T19:03:18.040Z,85km E of Finschhafen, Papua New Guinea,6.5,3.1,0.057,30,reviewed,us,us
2019-04-11T08:18:21.380Z,2019-04-11,40.4096,143.2985,18,6,mww,,50,1.607,0.66,us,us700034d3,2019-06-20T19:03:16.040Z,143km NE of Miyako, Japan,5.7,1.8,0.062,25,reviewed,us,us
2019-04-09T17:53:58.423Z,2019-04-09,-58.6262,-25.304,38,6.5,mww,,18,7.568,1.08,us,us600032fg,2019-06-20T19:03:09.040Z,83km ENE of Bristol Island, South Sandwich Islands,8.2,1.8,0.049,40,reviewed,us,us
2019-04-08T04:12:40.096Z,2019-04-08,26.329,129.5878,10,5.5,mww,,24,1.281,0.97,us,us2000kc3p,2019-06-18T15:50:51.040Z,163km E of Nago, Japan,7.3,1.7,0.035,77,reviewed,us,us
2019-04-07T15:45:08.095Z,2019-04-07,-41.2892,-87.4826,7.09,5.7,mww,,58,10.268,0.92,us,us2000kbur,2019-06-18T15:50:45.040Z,West Chile Rise,,10.3,3.5,0.033,87,reviewed,us,us
2019-04-07T10:52:41.093Z,2019-04-07,-33.7588,-72.5153,10,5.6,mww,,66,0.757,0.85,us,us2000kbs5,2019-06-18T15:50:43.040Z,84km WSW of San Antonio, Chile,2.7,1.8,0.055,32,reviewed,us,us
2019-04-06T21:55:01.660Z,2019-04-06,-6.8285,125.0416,539,6.3,mww,,20,3.007,0.93,us,us2000kbi1,2019-06-19T23:26:40.987Z,200km NNW of Dili, East Timor,8.8,1.9,0.034,84,reviewed,us,us
2019-04-05T18:46:42.673Z,2019-04-05,1.4513,-85.2664,10,5.8,mww,,83,5.445,0.98,us,us2000kaxv,2019-06-18T15:50:27.040Z,Off the coast of Ecuador,,6.6,1.6,0.073,18,reviewed,us,us
2019-04-05T16:14:16.716Z,2019-04-05,-55.9308,-27.8522,57,6.4,mww,,31,5.225,0.86,us,us2000kav9,2019-06-18T15:50:26.040Z,94km NNW of Visokoi Island, South Georgia and the South Sandwich Islands,8.5,1.8,0.047,44,reviewed,us,us
2019-04-05T09:56:52.723Z,2019-04-05,30.4095,138.6839,383,5.9,mww,,11,2.859,1.01,us,us2000kans,2019-06-18T15:50:25.040Z,Izu Islands, Japan region,7.4,1.8,0.041,58,reviewed,us,us
2019-04-02T21:35:30.049Z,2019-04-02,52.1702,178.0709,7.98,6.4,mww,,19,1.94,0.55,us,us2000k9d7,2020-04-01T21:45:33.711Z,32km ENE of Kiska Volcano, Alaska,6.4,2.5,0.031,101,reviewed,us,us
2019-04-01T18:39:05.857Z,2019-04-01,-18.2058,65.3656,10,6,mww,,65,9.535,1.17,us,us2000k8ri,2019-06-08T20:51:32.040Z,262km NE of Port Mathurin, Mauritius,8.1,1.8,0.06,27,reviewed,us,us
2019-04-01T08:11:32.416Z,2019-04-01,7.5782,94.3371,10,5.5,mww,,27,3.489,0.85,us,us2000k8e8,2019-06-08T20:51:30.040Z,120km ESE of Mohean, India,6.7,1.7,0.048,41,reviewed,us,us
2019-04-01T02:16:53.597Z,2019-04-01,10.6035,125.8523,50.09,5.6,mww,,33,3.521,1.23,us,us2000k89w,2019-06-08T20:51:29.040Z,36km S of Sulangan, Philippines,7.9,4.4,0.052,36,reviewed,us,us
2019-03-31T15:27:57.880Z,2019-03-31,-9.9668,-79.3227,29,5.5,mww,,153,2.959,0.63,us,us2000k80u,2019-06-08T20:51:27.040Z,127km SW of Chimbote, Peru,8.6,1.9,0.041,56,reviewed,us,us
2019-03-31T07:28:50.636Z,2019-03-31,-1.9363,-80.7342,18.62,5.5,mww,,36,1.566,0.81,us,us2000k7w8,2020-07-10T17:27:20.846Z,35km NNE of Santa Elena, Ecuador,3.5,3.2,0.066,22,reviewed,us,us
2019-03-31T07:04:04.795Z,2019-03-31,-1.9446,-80.8101,18,6.2,mww,,36,1.635,0.83,us,us2000k7vu,2020-07-10T17:27:10.016Z,32km N of Santa Elena, Ecuador,6.8,1.8,0.034,81,reviewed,us,us
2019-03-30T11:20:42.559Z,2019-03-30,-5.7003,151.1053,41,6.2,mww,,25,1.832,0.87,us,us2000k7ks,2020-07-10T17:26:58.353Z,107km E of Kimbe, Papua New Guinea,7.4,1.9,0.052,35,reviewed,us,us
2019-03-30T06:27:23.331Z,2019-03-30,-9.6924,66.5343,8,5.8,mww,,39,6.276,0.86,us,us2000k7im,2019-06-08T20:51:25.040Z,Mid-Indian Ridge,,2.9,1.9,0.05,38,reviewed,us,us
2019-03-28T22:06:49.401Z,2019-03-28,50.4951,159.943,9,6.2,mww,,17,2.656,0.81,us,us2000k6u4,2019-06-08T20:51:21.040Z,265km ESE of Ozernovskiy, Russia,5.3,1.6,0.039,64,reviewed,us,us
2019-03-26T12:01:47.542Z,2019-03-26,12.5488,-89.1992,8,5.5,mww,,41,1.845,0.91,us,us1000jlpq,2019-06-08T20:51:13.040Z,104km S of La Libertad, El Salvador,5.9,1.7,0.034,83,reviewed,us,us
2019-03-24T04:37:35.918Z,2019-03-24,1.6601,126.3955,45,6.1,mww,,30,1.312,1.38,us,us1000jkwi,2019-06-06T18:54:22.040Z,137km E of Bitung, Indonesia,5.8,1.9,0.043,53,reviewed,us,us
2019-03-24T01:32:00.219Z,2019-03-24,-1.8703,120.5238,10,5.5,mww,,45,2.393,1.31,us,us1000jkv5,2020-07-10T16:05:13.024Z,28km NW of Pendolo, Indonesia,5.9,1.7,0.05,38,reviewed,us,us
2019-03-23T19:21:17.998Z,2019-03-23,4.5595,-76.223,122,6.1,mww,,20,1.916,1.09,us,us1000jkrq,2020-07-10T16:04:59.985Z,3km WSW of Versalles, Colombia,5.4,1.8,0.057,30,reviewed,us,us
2019-03-23T12:35:24.336Z,2019-03-23,7.5298,-37.0977,10,5.5,mww,,51,13.323,0.67,us,us1000jkns,2019-06-06T18:54:19.040Z,Central Mid-Atlantic Ridge,,5.1,1.8,0.056,31,reviewed,us,us
2019-03-21T09:15:40.309Z,2019-03-21,-7.9143,32.1088,22,5.5,mww,,74,7.391,1.47,us,us1000jjp9,2020-07-10T16:04:49.610Z,54km E of Sumbawanga, Tanzania,8.9,1.9,0.061,26,reviewed,us,us
2019-03-20T15:23:58.680Z,2019-03-20,-15.5965,167.6551,119,6.3,mww,,21,6.542,0.87,us,us1000jj9r,2020-07-10T16:04:35.175Z,52km E of Luganville, Vanuatu,5.9,1.8,0.036,76,reviewed,us,us
2019-03-20T06:34:27.835Z,2019-03-20,37.4078,29.531,8,5.7,mww,,31,0.724,1.15,us,us1000jj23,2020-07-10T16:04:08.738Z,16km E of Acipayam, Turkey,5,1.8,0.035,77,reviewed,us,us
2019-03-17T07:07:25.369Z,2019-03-17,-8.4179,116.5208,10,5.6,mww,,41,2.343,0.83,us,us1000jhbv,2020-07-10T16:03:58.027Z,4km SW of Sembalunbumbung, Indonesia,5.6,1.7,0.055,32,reviewed,us,us
2019-03-15T23:07:56.585Z,2019-03-15,6.2517,125.3722,90.11,5.5,mww,,15,0.838,0.84,us,us1000jgvf,2019-06-01T21:24:17.040Z,8km ESE of Manga, Philippines,4.9,3.6,0.056,31,reviewed,us,us
2019-03-15T17:53:34.015Z,2019-03-15,-27.4594,-176.4619,10,5.6,mww,,62,10.278,0.98,us,us1000jgn6,2019-06-01T21:24:16.040Z,244km NE of Raoul Island, New Zealand,9.6,1.7,0.063,24,reviewed,us,us
2019-03-15T05:03:50.060Z,2019-03-15,-17.8744,-65.9072,359,6.3,mww,,23,2.648,0.95,us,us1000jg5z,2019-06-01T21:24:15.040Z,30km S of Cliza, Bolivia,6.8,1.9,0.03,108,reviewed,us,us
2019-03-13T10:55:13.370Z,2019-03-13,19.3258333,-155.2005,6.97,5.54,ml,75,88,,0.12,hv,hv70863117,2020-07-09T21:49:26.958Z,12km SSE of Volcano, Hawaii,0.21,0.22,0.194,36,reviewed,hv,hv
2019-03-11T16:25:51.980Z,2019-03-11,-6.0469,149.0143,34.64,5.9,mww,,20,3.638,1.02,us,us1000jdlr,2020-07-10T16:03:47.236Z,62km WNW of Kandrian, Papua New Guinea,7.5,3.3,0.05,38,reviewed,us,us
2019-03-10T18:04:59.100Z,2019-03-10,58.3514,-31.9495,10,5.9,mww,,21,7.763,0.8,us,usd0009ffl,2019-05-24T21:21:49.040Z,Reykjanes Ridge,,8.1,1.8,0.069,20,reviewed,us,us
2019-03-10T17:58:43.410Z,2019-03-10,58.4207,-31.7616,10,5.5,mww,,67,7.415,0.88,us,us1000jd8y,2019-05-24T21:21:27.040Z,Reykjanes Ridge,,5.2,1.8,0.05,39,reviewed,us,us
2019-03-10T17:10:52.490Z,2019-03-10,36.8322,142.3585,13,5.7,mww,,27,1.622,0.63,us,us1000jd8k,2019-05-24T21:21:27.040Z,133km E of Iwaki, Japan,5.9,1.8,0.058,29,reviewed,us,us
2019-03-10T12:48:00.607Z,2019-03-10,-10.1317,152.0647,9,6,mww,,35,4.888,0.75,us,us1000jd7d,2019-05-24T21:21:26.040Z,139km SSW of Kulumadau, Papua New Guinea,7.1,1.8,0.039,64,reviewed,us,us
2019-03-10T08:12:26.426Z,2019-03-10,-17.8915,-178.6034,578.19,6.2,mww,,19,3.188,1.03,us,us1000jd55,2019-05-24T21:21:26.040Z,269km SE of Lambasa, Fiji,9.4,3.2,0.06,27,reviewed,us,us
2019-03-10T07:53:20.170Z,2019-03-10,-3.2806,90.2747,10,5.5,mww,,58,8.602,0.64,us,us1000jd50,2019-05-24T21:21:26.040Z,South Indian Ocean,,8.8,1.8,0.052,36,reviewed,us,us
2019-03-08T15:06:12.620Z,2019-03-08,10.384,126.006,30,6,mww,,102,3.32,0.92,us,us1000jccx,2019-05-24T21:21:17.040Z,40km N of Santa Monica, Philippines,8.5,1.7,0.043,51,reviewed,us,us
2019-03-07T16:29:09.060Z,2019-03-07,-32.4703,-178.3733,18.71,5.7,mww,,49,5.763,0.76,us,us1000jbxf,2019-05-24T21:21:14.040Z,125km SSE of L'Esperance Rock, New Zealand,11.2,3.1,0.045,48,reviewed,us,us
2019-03-07T15:34:28.290Z,2019-03-07,-29.4648,-72.6945,17,5.7,mww,,26,1.515,0.97,us,us1000jbws,2019-05-24T21:21:14.040Z,141km WNW of Coquimbo, Chile,3.7,1.6,0.047,43,reviewed,us,us
2019-03-07T15:27:23.459Z,2019-03-07,-32.713,-176.9158,10,5.5,mww,,101,6.222,0.64,us,us1000jbwr,2019-05-24T21:21:13.040Z,235km SE of L'Esperance Rock, New Zealand,10.6,1.9,0.053,34,reviewed,us,us
2019-03-06T20:19:59.205Z,2019-03-06,-32.2454,-177.7688,9.12,5.8,mww,,36,6.206,1,us,us1000jbey,2019-05-24T21:21:09.040Z,139km SE of L'Esperance Rock, New Zealand,10.5,3.2,0.057,30,reviewed,us,us
2019-03-06T18:47:25.109Z,2019-03-06,-4.1275,142.9308,129.58,5.6,mww,,22,2.74,0.97,us,us1000jbaz,2019-05-24T21:21:09.040Z,15km NE of Ambunti, Papua New Guinea,8.2,4.3,0.051,37,reviewed,us,us
2019-03-06T15:46:14.900Z,2019-03-06,-32.0238,-177.8845,29,6.4,mww,,29,7.868,0.92,us,us1000jb8d,2019-05-24T21:21:08.040Z,116km SE of L'Esperance Rock, New Zealand,10.1,1.8,0.039,64,reviewed,us,us
2019-03-06T07:20:45.287Z,2019-03-06,-36.2223,-97.5292,10,5.5,mww,,47,13.528,0.63,us,us1000jb5a,2019-05-24T21:21:07.040Z,West Chile Rise,,11.5,1.8,0.059,28,reviewed,us,us
2019-03-06T00:13:00.800Z,2019-03-06,8.5425,126.9168,16,5.8,mww,,44,1.974,0.92,us,us1000jb24,2019-05-24T21:21:07.040Z,66km ENE of Hinatuan, Philippines,5.2,1.7,0.045,48,reviewed,us,us
2019-03-04T10:06:00.960Z,2019-03-04,-5.2208,146.2053,10,5.9,mww,,18,3.362,0.8,us,us1000jaaq,2020-07-10T16:03:24.399Z,45km E of Madang, Papua New Guinea,7.1,1.8,0.054,33,reviewed,us,us
2019-03-02T20:21:52.630Z,2019-03-02,-33.6774,-72.5954,10.42,5.5,mww,,65,0.818,0.88,us,us1000j9yt,2019-05-14T18:36:17.040Z,90km W of San Antonio, Chile,3.9,3,0.053,34,reviewed,us,us
2019-03-02T19:46:21.720Z,2019-03-02,18.6542,120.3562,15.68,5.6,mww,,17,4.197,0.89,us,us1000j9yd,2020-07-10T16:03:11.573Z,30km NW of Davila, Philippines,6.2,2.4,0.04,59,reviewed,us,us
2019-03-02T03:22:54.088Z,2019-03-02,41.9469,146.894,18.73,5.9,mww,,20,2.786,0.95,us,us1000j9s1,2019-05-14T18:36:16.040Z,187km SE of Nemuro, Japan,7.2,2.9,0.06,27,reviewed,us,us
2019-03-02T02:17:19.250Z,2019-03-02,-6.9623,155.782,31.55,5.5,mww,,36,4.801,1.11,us,us1000j9r2,2019-05-14T18:36:16.040Z,78km SSE of Panguna, Papua New Guinea,8.1,3.4,0.068,21,reviewed,us,us
2019-03-01T08:50:42.591Z,2019-03-01,-14.7131,-70.1546,267,7,mww,,42,2.501,1.13,us,us1000j96d,2020-07-10T16:02:45.751Z,23km NNE of Azangaro, Peru,7.6,1.9,0.033,87,reviewed,us,us
2019-03-01T01:02:12.282Z,2019-03-01,-53.4172,159.5739,10,5.9,mww,,54,1.143,1.14,us,us1000j92m,2019-05-14T18:36:14.040Z,125km NNE of Macquarie Island, Australia,8.3,1.7,0.068,21,reviewed,us,us
2019-03-01T00:13:29.230Z,2019-03-01,-28.2499,-63.2866,577.65,5.5,mww,,24,5.375,0.94,us,us1000j91e,2019-05-14T18:36:14.040Z,37km SSE of Suncho Corral, Argentina,8.5,4.1,0.047,43,reviewed,us,us
2019-02-25T15:05:33.178Z,2019-02-25,4.2909,-32.6219,10,5.5,mww,,52,10.571,0.81,us,us2000jmvf,2019-05-11T17:40:52.040Z,Central Mid-Atlantic Ridge,,9.6,1.8,0.048,41,reviewed,us,us
2019-02-22T10:40:40.250Z,2019-02-22,-2.2377,-79.7366,70.89,5.5,mb,,32,0.529,1.08,us,us2000jlh2,2020-07-10T17:26:22.050Z,11km ESE of Duran, Ecuador,7.1,3.5,0.026,509,reviewed,us,us
2019-02-22T10:17:23.770Z,2019-02-22,-2.1862,-77.0505,145,7.5,mww,,15,2.045,1.12,us,us2000jlfv,2020-07-07T22:52:36.277Z,111km ESE of Palora, Ecuador,6.2,1.8,0.026,144,reviewed,us,us
2019-02-21T06:34:39.700Z,2019-02-21,-20.8509,-178.8392,614.79,5.5,mww,,28,4.261,0.85,us,us2000jkzu,2019-05-11T17:40:43.040Z,26km SSW of Ndoi Island, Fiji,9.9,4.2,0.071,19,reviewed,us,us
2019-02-20T00:10:38.760Z,2019-02-20,0.7627,126.1896,28.33,5.5,mww,,31,1.177,1.09,us,us2000jkcy,2019-05-11T17:40:41.040Z,131km W of Kota Ternate, Indonesia,4.9,3.3,0.061,26,reviewed,us,us
2019-02-18T19:30:22.900Z,2019-02-18,-9.5093,112.8605,23,5.7,mww,,33,1.641,0.95,us,us2000jjm5,2019-05-01T22:01:03.040Z,123km S of Krajan Tambakrejo, Indonesia,6.9,1.8,0.058,29,reviewed,us,us
2019-02-17T14:35:55.840Z,2019-02-17,-3.3412,152.1319,368.12,6.4,mww,,23,0.845,1.39,us,us2000jj68,2019-05-01T22:00:58.040Z,49km NW of Namatanai, Papua New Guinea,8.8,3.3,0.04,60,reviewed,us,us
2019-02-15T23:51:40.680Z,2019-02-15,-55.7216,-124.947,10,5.6,mww,,64,31.822,1.01,us,us2000jkah,2019-05-01T22:01:04.040Z,Southern East Pacific Rise,,13.2,1.9,0.073,18,reviewed,us,us
2019-02-14T19:57:04.980Z,2019-02-14,35.4267,-36.0378,10,6.2,mww,,32,8.771,0.8,us,us2000ji4e,2019-05-01T22:00:44.040Z,Northern Mid-Atlantic Ridge,,9.3,1.8,0.034,83,reviewed,us,us
2019-02-14T14:33:16.800Z,2019-02-14,-12.1674,-74.3097,10,5.5,mww,,65,4.684,0.88,us,us2000jhyq,2020-07-10T17:25:44.406Z,68km NW of Ayna, Peru,8.9,1.8,0.059,28,reviewed,us,us
2019-02-12T12:34:16.500Z,2019-02-12,19.02,145.7965,144.32,6,mww,,21,3.758,0.84,us,us2000jgma,2020-02-12T12:44:31.767Z,31km NNE of Agrihan, Northern Mariana Islands,4.8,4.2,0.046,46,reviewed,us,us
2019-02-08T11:55:07.830Z,2019-02-08,9.8456,126.5791,20,5.9,mww,,22,2.93,0.93,us,us2000jfb2,2020-07-10T17:25:14.608Z,46km E of General Luna, Philippines,7,1.7,0.039,62,reviewed,us,us
2019-02-08T03:11:05.100Z,2019-02-08,-32.8442,57.1155,10,5.5,mww,,34,11.692,1.14,us,us2000jf6y,2019-04-25T15:31:53.040Z,Southwest Indian Ridge,,9.1,1.7,0.075,17,reviewed,us,us
2019-02-07T04:15:30.040Z,2019-02-07,1.4669,126.4203,40,5.7,mww,,22,1.171,0.84,us,us2000jekx,2019-04-25T15:31:48.040Z,129km NW of Kota Ternate, Indonesia,6.6,1.8,0.057,30,reviewed,us,us
2019-02-06T10:25:20.540Z,2019-02-06,15.858,120.6186,130.2,5.5,mww,,72,1.772,0.9,us,us2000je43,2019-04-25T15:31:45.040Z,1km NNE of Guiling, Philippines,6.7,3.5,0.037,71,reviewed,us,us
2019-02-04T19:29:54.350Z,2019-02-04,-0.4203,98.0357,19,5.6,mww,,62,1.773,0.71,us,us2000jda7,2019-04-18T19:09:38.040Z,131km NW of Sikabaluan, Indonesia,4,1.8,0.062,25,reviewed,us,us
2019-02-04T17:45:48.100Z,2019-02-04,-2.4081,-79.8348,70,5.8,mww,,47,0.579,1.04,us,us2000jd8d,2020-07-10T17:24:48.532Z,23km S of Duran, Ecuador,7.2,1.5,0.04,61,reviewed,us,us
2019-02-02T17:55:38.800Z,2019-02-02,-41.3352,-88.2731,10,5.5,mww,,42,10.728,0.91,us,us2000jcg3,2019-04-18T19:09:33.040Z,West Chile Rise,,7.4,1.5,0.048,41,reviewed,us,us
2019-02-02T12:04:34.470Z,2019-02-02,36.4642,70.7006,211.72,5.6,mww,,20,1.312,0.74,us,us2000jcds,2019-04-18T19:09:32.040Z,46km SSW of Jarm, Afghanistan,6.4,4,0.052,35,reviewed,us,us
2019-02-02T11:01:38.730Z,2019-02-02,-2.7308,100.3019,10,5.8,mb,,52,5.562,0.67,us,us2000jcdi,2020-07-10T17:24:37.219Z,139km WSW of Sungaipenuh, Indonesia,3.1,1.8,0.054,127,reviewed,us,us
2019-02-02T10:59:30.340Z,2019-02-02,-2.8764,100.1326,18,5.9,mww,,29,3.179,0.61,us,us2000jccs,2020-07-10T17:24:25.351Z,164km WSW of Sungaipenuh, Indonesia,6.8,1.7,0.068,21,reviewed,us,us
2019-02-02T09:27:36.030Z,2019-02-02,-2.8462,100.0743,20,6,mww,,38,3.245,0.72,us,us2000jcbz,2020-07-10T17:24:14.302Z,168km WSW of Sungaipenuh, Indonesia,6.7,1.8,0.073,18,reviewed,us,us
2019-02-01T16:14:12.329Z,2019-02-01,14.6802,-92.4527,66,6.7,mww,,43,0.289,1.36,us,us2000jbub,2020-07-10T17:23:54.955Z,5km SW of Puerto Madero, Mexico,5.7,1.8,0.065,23,reviewed,us,us
2019-01-31T14:33:57.110Z,2019-01-31,-24.3375,-179.8253,499.95,5.5,mww,,52,5.173,1.11,us,us2000jb9t,2019-04-18T19:09:26.040Z,South of the Fiji Islands,,10.1,5,0.071,19,reviewed,us,us
2019-01-30T15:31:33.440Z,2019-01-30,-4.6334,-105.48,10,5.9,mww,,72,22.669,0.78,us,us1000is2c,2019-04-18T19:09:23.040Z,Central East Pacific Rise,,11.6,1.8,0.05,39,reviewed,us,us
2019-01-30T07:44:45.250Z,2019-01-30,-25.8985,-70.6676,51,5.6,mww,,41,0.256,1.34,us,us1000iryd,2019-04-18T19:09:22.040Z,58km SSW of Taltal, Chile,6.2,1.8,0.051,37,reviewed,us,us
2019-01-29T23:35:00.470Z,2019-01-29,-15.523,-72.3651,111.9,5.5,mww,,67,3.43,0.9,us,us1000iru6,2019-04-18T19:09:21.040Z,28km S of Orcopampa, Peru,9.1,4.2,0.05,39,reviewed,us,us
2019-01-28T21:07:09.960Z,2019-01-28,3.0835,-75.6461,13.06,5.5,mww,,73,1.49,1.13,us,us2000j9um,2020-07-10T17:23:31.467Z,12km S of Planadas, Colombia,5.3,3.4,0.05,39,reviewed,us,us
2019-01-28T16:00:16.790Z,2019-01-28,-17.9627,-179.2838,618.77,5.5,mww,,70,2.545,1.15,us,us2000j9pz,2019-04-12T17:16:08.040Z,222km SE of Lambasa, Fiji,10.5,4,0.071,19,reviewed,us,us
2019-01-27T10:16:28.720Z,2019-01-27,-20.102,-177.8151,562.39,5.8,mww,,42,4.56,0.79,us,us2000j9fn,2019-04-12T17:15:45.040Z,110km ENE of Ndoi Island, Fiji,10.1,3.7,0.063,24,reviewed,us,us
2019-01-26T19:56:44.070Z,2019-01-26,-21.0475,-178.9592,588,6.2,mww,,17,4.329,0.86,us,us2000j98z,2019-04-12T17:15:29.040Z,51km SSW of Ndoi Island, Fiji,9.1,1.9,0.051,37,reviewed,us,us
2019-01-26T12:32:26.830Z,2019-01-26,3.0345,-75.7383,10,5.6,mww,,67,1.444,0.82,us,us2000j967,2020-07-10T17:23:21.001Z,13km NW of Santa Maria, Colombia,6.4,1.8,0.046,46,reviewed,us,us
2019-01-26T08:23:03.140Z,2019-01-26,40.3332,142.2224,48.24,5.5,mww,,90,0.992,0.67,us,us2000j94y,2019-04-12T17:15:20.040Z,64km ESE of Hachinohe, Japan,7.1,4.6,0.062,25,reviewed,us,us
2019-01-26T08:12:48.680Z,2019-01-26,-5.4962,133.7648,10,5.9,mww,,19,2.973,0.85,us,us2000j94v,2019-04-12T17:15:20.040Z,58km WNW of Dobo, Indonesia,6.6,1.8,0.044,50,reviewed,us,us
2019-01-26T03:51:37.870Z,2019-01-26,-7.0089,156.3207,355,6.2,mww,,13,4.326,1.21,us,us2000j92w,2019-04-12T17:15:14.040Z,48km SW of Chirovanga, Solomon Islands,8.3,1.9,0.048,41,reviewed,us,us
2019-01-26T02:07:21.840Z,2019-01-26,-10.8381,165.9765,35.84,5.7,mww,,30,6.096,1.04,us,us2000j92j,2019-04-12T17:15:12.040Z,20km SE of Lata, Solomon Islands,9.1,4.3,0.068,21,reviewed,us,us
2019-01-25T04:45:22.230Z,2019-01-25,-14.5333,-75.3517,60.5,5.7,mww,,78,2.917,1.04,us,us2000j8n4,2020-07-10T17:23:09.234Z,16km W of Rio Grande, Peru,7.7,1.9,0.047,43,reviewed,us,us
2019-01-24T08:34:52.310Z,2019-01-24,19.2411,121.1371,19,5.5,mww,,60,3.559,0.72,us,us2000j85q,2019-04-12T17:14:32.040Z,69km N of Namuac, Philippines,6.8,1.2,0.039,62,reviewed,us,us
2019-01-23T11:39:02.390Z,2019-01-23,-10.2981,118.9231,24,5.6,mww,,51,3.663,0.81,us,us2000j7rv,2019-04-12T17:14:15.040Z,69km SSW of Kahale, Indonesia,6.7,1.8,0.06,27,reviewed,us,us
2019-01-22T19:01:43.580Z,2019-01-22,-43.1219,42.3568,13,6.7,mww,,17,7.527,0.72,us,us2000j7dn,2019-04-12T17:14:02.040Z,Prince Edward Islands region,,4.9,1.7,0.04,61,reviewed,us,us
2019-01-22T05:10:03.480Z,2019-01-22,-10.4148,119.0165,24,6.3,mww,,32,3.635,1.33,us,us2000j73a,2019-04-12T17:13:49.040Z,80km S of Kahale, Indonesia,5.4,1.8,0.046,46,reviewed,us,us
2019-01-21T23:59:23.860Z,2019-01-21,-10.3278,119.1521,26,6,mww,,41,3.477,1.18,us,us2000j70q,2019-04-05T21:41:02.040Z,66km SSW of Bogorawatu, Indonesia,6.2,1.8,0.039,64,reviewed,us,us
2019-01-21T11:57:20.110Z,2019-01-21,15.584,-94.7368,29,5.6,mww,,71,1.467,1.24,us,us2000j6tj,2019-04-05T21:40:56.040Z,72km S of San Francisco del Mar, Mexico,3.9,1.8,0.045,48,reviewed,us,us
2019-01-21T01:36:34.150Z,2019-01-21,-21.9552,169.2489,9,5.6,mww,,91,2.605,1.4,us,us2000j6qr,2019-04-05T21:41:02.040Z,148km ESE of Tadine, New Caledonia,10.2,1.8,0.048,42,reviewed,us,us
2019-01-21T00:35:45.870Z,2019-01-21,-21.9127,169.0164,10,5.5,mww,,31,2.392,1.2,us,us2000j6qe,2019-04-05T21:41:02.040Z,123km ESE of Tadine, New Caledonia,7.6,1.7,0.062,25,reviewed,us,us
2019-01-20T01:32:52.480Z,2019-01-20,-30.0404,-71.3815,63,6.7,mww,,22,0.173,1.47,us,us2000j6hy,2020-07-10T17:22:46.061Z,10km SSW of Coquimbo, Chile,5.8,1.8,0.036,73,reviewed,us,us
2019-01-18T21:27:01.530Z,2019-01-18,-3.2663,-76.818,103,5.7,mww,,25,2.562,0.72,us,us2000j63c,2019-04-05T21:41:00.040Z,173km N of Barranca, Peru,7,1.8,0.037,72,reviewed,us,us
2019-01-18T16:40:43.570Z,2019-01-18,8.4296,-103.2277,10,5.9,mww,,59,10.149,1.12,us,us2000j5sx,2019-10-15T19:18:04.393Z,Northern East Pacific Rise,,10.4,1.8,0.041,56,reviewed,us,us
2019-01-18T13:18:31.030Z,2019-01-18,-19.2036,168.7446,38.67,6,mww,,19,3.575,0.76,us,us2000j5qu,2019-04-05T21:41:00.040Z,66km NW of Isangel, Vanuatu,7.7,3.4,0.048,42,reviewed,us,us
2019-01-17T16:53:15.730Z,2019-01-17,-3.1956,146.5021,10,5.7,mww,,16,1.433,0.92,us,us2000j56c,2019-04-05T21:41:00.040Z,155km SSW of Lorengau, Papua New Guinea,6.3,1.8,0.05,38,reviewed,us,us
2019-01-17T15:06:35.650Z,2019-01-17,-3.2307,146.3889,10,6.2,mww,,40,1.531,1.01,us,us2000j545,2019-04-05T21:40:59.040Z,165km SW of Lorengau, Papua New Guinea,6.2,1.7,0.047,43,reviewed,us,us
2019-01-16T10:49:27.270Z,2019-01-16,3.4827,128.6337,11,5.5,mww,,72,2.975,0.9,us,us2000j4gj,2019-04-05T21:40:58.040Z,206km NNE of Tobelo, Indonesia,7.4,1.8,0.066,22,reviewed,us,us
2019-01-15T20:03:20.260Z,2019-01-15,5.8113,126.8985,61.83,5.7,mww,,39,1.811,1.04,us,us2000j47l,2019-04-05T21:40:58.040Z,100km SE of Pondaguitan, Philippines,6.5,4.1,0.06,27,reviewed,us,us
2019-01-15T18:06:34.300Z,2019-01-15,-13.336,166.8752,35,6.6,mww,,18,7.818,0.75,us,us2000j468,2019-04-05T21:40:58.040Z,94km NW of Sola, Vanuatu,8.2,1.9,0.038,66,reviewed,us,us
2019-01-10T17:00:37.630Z,2019-01-10,-26.904,-175.5446,10,5.8,mww,,100,3.142,0.96,us,us2000j2kv,2019-04-02T20:51:01.040Z,South of Tonga,,10.9,1.9,0.042,54,reviewed,us,us
2019-01-08T12:39:30.950Z,2019-01-08,30.5872,131.0441,35,6.3,mww,,26,2.534,0.83,us,us2000j1d4,2020-07-10T17:22:33.583Z,16km SSE of Nishinoomote, Japan,6,1.8,0.051,37,reviewed,us,us
2019-01-07T03:11:54.280Z,2019-01-07,7.8663,121.9502,19.43,5.5,mww,,31,3.684,1.17,us,us2000j0yp,2020-07-10T17:22:22.103Z,27km NW of Siocon, Philippines,5.5,2.6,0.047,43,reviewed,us,us
2019-01-06T17:27:18.980Z,2019-01-06,2.258,126.758,43.21,6.6,mww,,33,1.596,0.87,us,us2000j0uj,2019-03-08T17:50:17.040Z,151km WNW of Tobelo, Indonesia,6.7,3.6,0.038,68,reviewed,us,us
2019-01-06T13:41:59.060Z,2019-01-06,34.1248,45.6794,14,5.6,mww,,40,0.99,0.65,us,us2000j0th,2020-07-10T17:22:11.367Z,40km SSW of Sarpol-e Zahab, Iran,5.6,1.8,0.059,28,reviewed,us,us
2019-01-05T22:54:14.440Z,2019-01-05,25.8233,144.5691,14.28,5.7,mww,,20,2.485,0.75,us,us2000j0n0,2019-03-08T17:50:16.040Z,272km ESE of Chichi-shima, Japan,7.5,2.8,0.04,61,reviewed,us,us
2019-01-05T19:25:38.520Z,2019-01-05,-8.144,-71.587,570.41,6.8,mww,,16,1.181,1.15,us,us2000j0ja,2019-03-08T17:50:16.040Z,90km W of Tarauaca, Brazil,7.1,2.7,0.049,40,reviewed,us,us
2019-01-05T18:47:11.740Z,2019-01-05,51.3349,-178.1181,30,5.9,mww,,42,0.502,1.36,us,us2000j0iw,2019-03-08T17:50:16.040Z,61km S of Tanaga Volcano, Alaska,4.6,1.8,0.036,73,reviewed,us,us
2019-01-04T06:22:45.630Z,2019-01-04,-6.5176,130.4073,127.9,5.6,mww,,29,1.703,0.77,us,us2000j076,2019-03-08T17:50:15.040Z,187km NNW of Saumlaki, Indonesia,5.9,4.4,0.051,37,reviewed,us,us